Mon Jul 13 12:18:25 EDT 2026
start, LSWS running: 0
Mon Jul 13 12:18:28 EDT 2026
status, LSWS running: 1
Mon Jul 13 12:19:28 EDT 2026
status, LSWS running: 1
Mon Jul 13 12:20:28 EDT 2026
status, LSWS running: 1
Mon Jul 13 12:21:28 EDT 2026
status, LSWS running: 1
Mon Jul 13 12:22:28 EDT 2026
status, LSWS running: 1
Mon Jul 13 12:23:28 EDT 2026
status, LSWS running: 1
Mon Jul 13 12:24:28 EDT 2026
status, LSWS running: 1
Mon Jul 13 12:25:28 EDT 2026
status, LSWS running: 1
Mon Jul 13 12:26:28 EDT 2026
status, LSWS running: 1
Mon Jul 13 12:27:28 EDT 2026
status, LSWS running: 1
Mon Jul 13 12:28:28 EDT 2026
status, LSWS running: 1
Mon Jul 13 12:29:28 EDT 2026
status, LSWS running: 1
Mon Jul 13 12:30:28 EDT 2026
status, LSWS running: 1
Mon Jul 13 12:31:28 EDT 2026
status, LSWS running: 1
Mon Jul 13 12:32:28 EDT 2026
status, LSWS running: 1
Mon Jul 13 12:33:28 EDT 2026
status, LSWS running: 1
Mon Jul 13 12:34:28 EDT 2026
status, LSWS running: 1
Mon Jul 13 12:49:36 EDT 2026
start, LSWS running: 0
Mon Jul 13 12:49:38 EDT 2026
status, LSWS running: 1
Mon Jul 13 12:50:38 EDT 2026
status, LSWS running: 1
Mon Jul 13 12:51:38 EDT 2026
status, LSWS running: 1
Mon Jul 13 12:52:38 EDT 2026
status, LSWS running: 1
Mon Jul 13 12:53:38 EDT 2026
status, LSWS running: 1
Mon Jul 13 12:54:38 EDT 2026
status, LSWS running: 1
Mon Jul 13 12:55:38 EDT 2026
status, LSWS running: 1
Mon Jul 13 12:56:38 EDT 2026
status, LSWS running: 1
Mon Jul 13 12:57:38 EDT 2026
status, LSWS running: 1
Mon Jul 13 12:58:38 EDT 2026
status, LSWS running: 1
Mon Jul 13 12:59:38 EDT 2026
status, LSWS running: 1
Mon Jul 13 13:00:38 EDT 2026
status, LSWS running: 1
Mon Jul 13 13:01:38 EDT 2026
status, LSWS running: 1
Mon Jul 13 13:02:38 EDT 2026
status, LSWS running: 1
Mon Jul 13 13:03:38 EDT 2026
status, LSWS running: 1
Mon Jul 13 13:04:38 EDT 2026
status, LSWS running: 1
Mon Jul 13 13:05:38 EDT 2026
status, LSWS running: 1
Mon Jul 13 13:06:38 EDT 2026
status, LSWS running: 1
Mon Jul 13 13:07:38 EDT 2026
status, LSWS running: 1
Mon Jul 13 13:08:38 EDT 2026
status, LSWS running: 1
Mon Jul 13 13:09:38 EDT 2026
status, LSWS running: 1
Mon Jul 13 13:10:38 EDT 2026
status, LSWS running: 1
Mon Jul 13 13:11:38 EDT 2026
status, LSWS running: 1
Mon Jul 13 13:12:38 EDT 2026
status, LSWS running: 1
Mon Jul 13 13:13:38 EDT 2026
status, LSWS running: 1
Mon Jul 13 13:14:39 EDT 2026
status, LSWS running: 1
Mon Jul 13 13:15:39 EDT 2026
status, LSWS running: 1
Mon Jul 13 13:16:39 EDT 2026
status, LSWS running: 1
Mon Jul 13 13:17:39 EDT 2026
status, LSWS running: 1
Mon Jul 13 13:18:39 EDT 2026
status, LSWS running: 1
Mon Jul 13 13:19:39 EDT 2026
status, LSWS running: 1
Mon Jul 13 13:20:39 EDT 2026
status, LSWS running: 1
Mon Jul 13 13:21:39 EDT 2026
status, LSWS running: 1
Mon Jul 13 13:22:39 EDT 2026
status, LSWS running: 1
Mon Jul 13 13:23:39 EDT 2026
status, LSWS running: 1
Mon Jul 13 13:24:39 EDT 2026
status, LSWS running: 1
Mon Jul 13 13:25:39 EDT 2026
status, LSWS running: 1
Mon Jul 13 13:26:39 EDT 2026
status, LSWS running: 1
Mon Jul 13 13:27:39 EDT 2026
status, LSWS running: 1
Mon Jul 13 13:28:39 EDT 2026
status, LSWS running: 1
Mon Jul 13 13:29:39 EDT 2026
status, LSWS running: 1
Mon Jul 13 13:30:39 EDT 2026
status, LSWS running: 1
Mon Jul 13 13:31:39 EDT 2026
status, LSWS running: 1
Mon Jul 13 13:32:39 EDT 2026
status, LSWS running: 1
Mon Jul 13 13:33:39 EDT 2026
status, LSWS running: 1
Mon Jul 13 13:34:39 EDT 2026
status, LSWS running: 1
Mon Jul 13 13:35:39 EDT 2026
status, LSWS running: 1
Mon Jul 13 13:36:39 EDT 2026
status, LSWS running: 1
Mon Jul 13 13:37:39 EDT 2026
status, LSWS running: 1
Mon Jul 13 13:38:39 EDT 2026
status, LSWS running: 1
Mon Jul 13 13:39:39 EDT 2026
status, LSWS running: 1
Mon Jul 13 13:40:39 EDT 2026
status, LSWS running: 1
Mon Jul 13 13:41:39 EDT 2026
status, LSWS running: 1
Mon Jul 13 13:42:39 EDT 2026
status, LSWS running: 1
Mon Jul 13 13:43:39 EDT 2026
status, LSWS running: 1
Mon Jul 13 13:44:39 EDT 2026
status, LSWS running: 1
Mon Jul 13 13:45:39 EDT 2026
status, LSWS running: 1
Mon Jul 13 13:46:39 EDT 2026
status, LSWS running: 1
Mon Jul 13 13:47:39 EDT 2026
status, LSWS running: 1
Mon Jul 13 13:48:39 EDT 2026
status, LSWS running: 1
Mon Jul 13 13:49:39 EDT 2026
status, LSWS running: 1
Mon Jul 13 13:50:39 EDT 2026
status, LSWS running: 1
Mon Jul 13 13:51:39 EDT 2026
status, LSWS running: 1
Mon Jul 13 13:52:39 EDT 2026
status, LSWS running: 1
Mon Jul 13 13:53:39 EDT 2026
status, LSWS running: 1
Mon Jul 13 13:54:39 EDT 2026
status, LSWS running: 1
Mon Jul 13 13:55:39 EDT 2026
status, LSWS running: 1
Mon Jul 13 13:56:39 EDT 2026
status, LSWS running: 1
Mon Jul 13 13:57:39 EDT 2026
status, LSWS running: 1
Mon Jul 13 13:58:39 EDT 2026
status, LSWS running: 1
Mon Jul 13 13:59:39 EDT 2026
status, LSWS running: 1
Mon Jul 13 14:00:39 EDT 2026
status, LSWS running: 1
Mon Jul 13 14:01:39 EDT 2026
status, LSWS running: 1
Mon Jul 13 14:02:39 EDT 2026
status, LSWS running: 1
Mon Jul 13 14:03:39 EDT 2026
status, LSWS running: 1
Mon Jul 13 14:04:39 EDT 2026
status, LSWS running: 1
Mon Jul 13 14:05:39 EDT 2026
status, LSWS running: 1
Mon Jul 13 14:06:39 EDT 2026
status, LSWS running: 1
Mon Jul 13 14:07:40 EDT 2026
status, LSWS running: 1
Mon Jul 13 14:08:40 EDT 2026
status, LSWS running: 1
Mon Jul 13 14:09:40 EDT 2026
status, LSWS running: 1
Mon Jul 13 14:10:40 EDT 2026
status, LSWS running: 1
Mon Jul 13 14:11:40 EDT 2026
status, LSWS running: 1
Mon Jul 13 14:12:40 EDT 2026
status, LSWS running: 1
Mon Jul 13 14:13:40 EDT 2026
status, LSWS running: 1
Mon Jul 13 14:14:40 EDT 2026
status, LSWS running: 1
Mon Jul 13 14:15:40 EDT 2026
status, LSWS running: 1
Mon Jul 13 14:16:40 EDT 2026
status, LSWS running: 1
Mon Jul 13 14:17:40 EDT 2026
status, LSWS running: 1
Mon Jul 13 14:18:40 EDT 2026
status, LSWS running: 1
Mon Jul 13 14:19:40 EDT 2026
status, LSWS running: 1
Mon Jul 13 14:20:40 EDT 2026
status, LSWS running: 1
Mon Jul 13 14:21:40 EDT 2026
status, LSWS running: 1
Mon Jul 13 14:22:40 EDT 2026
status, LSWS running: 1
Mon Jul 13 14:23:40 EDT 2026
status, LSWS running: 1
Mon Jul 13 14:24:40 EDT 2026
status, LSWS running: 1
Mon Jul 13 14:25:40 EDT 2026
status, LSWS running: 1
Mon Jul 13 14:26:40 EDT 2026
status, LSWS running: 1
Mon Jul 13 14:27:40 EDT 2026
status, LSWS running: 1
Mon Jul 13 14:28:40 EDT 2026
status, LSWS running: 1
Mon Jul 13 14:29:40 EDT 2026
status, LSWS running: 1
Mon Jul 13 14:30:40 EDT 2026
status, LSWS running: 1
Mon Jul 13 14:31:40 EDT 2026
status, LSWS running: 1
Mon Jul 13 14:32:40 EDT 2026
status, LSWS running: 1
Mon Jul 13 14:33:40 EDT 2026
status, LSWS running: 1
Mon Jul 13 14:34:40 EDT 2026
status, LSWS running: 1
Mon Jul 13 14:35:40 EDT 2026
status, LSWS running: 1
Mon Jul 13 14:36:40 EDT 2026
status, LSWS running: 1
Mon Jul 13 14:37:40 EDT 2026
status, LSWS running: 1
Mon Jul 13 14:38:40 EDT 2026
status, LSWS running: 1
Mon Jul 13 14:39:40 EDT 2026
status, LSWS running: 1
Mon Jul 13 14:40:40 EDT 2026
status, LSWS running: 1
Mon Jul 13 14:41:40 EDT 2026
status, LSWS running: 1
Mon Jul 13 14:42:40 EDT 2026
status, LSWS running: 1
Mon Jul 13 14:43:40 EDT 2026
status, LSWS running: 1
Mon Jul 13 14:44:40 EDT 2026
status, LSWS running: 1
Mon Jul 13 14:45:40 EDT 2026
status, LSWS running: 1
Mon Jul 13 14:46:40 EDT 2026
status, LSWS running: 1
Mon Jul 13 14:47:40 EDT 2026
status, LSWS running: 1
Mon Jul 13 14:48:40 EDT 2026
status, LSWS running: 1
Mon Jul 13 14:49:40 EDT 2026
status, LSWS running: 1
Mon Jul 13 14:50:40 EDT 2026
status, LSWS running: 1
Mon Jul 13 14:51:40 EDT 2026
status, LSWS running: 1
Mon Jul 13 14:52:40 EDT 2026
status, LSWS running: 1
Mon Jul 13 14:53:40 EDT 2026
status, LSWS running: 1
Mon Jul 13 14:54:40 EDT 2026
status, LSWS running: 1
Mon Jul 13 14:55:40 EDT 2026
status, LSWS running: 1
Mon Jul 13 14:56:40 EDT 2026
status, LSWS running: 1
Mon Jul 13 14:57:40 EDT 2026
status, LSWS running: 1
Mon Jul 13 14:58:40 EDT 2026
status, LSWS running: 1
Mon Jul 13 14:59:40 EDT 2026
status, LSWS running: 1
Mon Jul 13 15:00:40 EDT 2026
status, LSWS running: 1
Mon Jul 13 15:01:40 EDT 2026
status, LSWS running: 1
Mon Jul 13 15:02:40 EDT 2026
status, LSWS running: 1
Mon Jul 13 15:03:40 EDT 2026
status, LSWS running: 1
Mon Jul 13 15:04:40 EDT 2026
status, LSWS running: 1
Mon Jul 13 15:05:40 EDT 2026
status, LSWS running: 1
Mon Jul 13 15:06:40 EDT 2026
status, LSWS running: 1
Mon Jul 13 15:07:40 EDT 2026
status, LSWS running: 1
Mon Jul 13 15:08:40 EDT 2026
status, LSWS running: 1
Mon Jul 13 15:09:40 EDT 2026
status, LSWS running: 1
Mon Jul 13 15:10:40 EDT 2026
status, LSWS running: 1
Mon Jul 13 15:11:40 EDT 2026
status, LSWS running: 1
Mon Jul 13 15:12:40 EDT 2026
status, LSWS running: 1
Mon Jul 13 15:13:40 EDT 2026
status, LSWS running: 1
Mon Jul 13 15:14:40 EDT 2026
status, LSWS running: 1
Mon Jul 13 15:15:40 EDT 2026
status, LSWS running: 1
Mon Jul 13 15:16:40 EDT 2026
status, LSWS running: 1
Mon Jul 13 15:17:40 EDT 2026
status, LSWS running: 1
Mon Jul 13 15:18:40 EDT 2026
status, LSWS running: 1
Mon Jul 13 15:19:40 EDT 2026
status, LSWS running: 1
Mon Jul 13 15:20:40 EDT 2026
status, LSWS running: 1
Mon Jul 13 15:21:40 EDT 2026
status, LSWS running: 1
Mon Jul 13 15:22:40 EDT 2026
status, LSWS running: 1
Mon Jul 13 15:23:40 EDT 2026
status, LSWS running: 1
Mon Jul 13 15:24:40 EDT 2026
status, LSWS running: 1
Mon Jul 13 15:25:40 EDT 2026
status, LSWS running: 1
Mon Jul 13 15:26:40 EDT 2026
status, LSWS running: 1
Mon Jul 13 15:27:40 EDT 2026
status, LSWS running: 1
Mon Jul 13 15:28:40 EDT 2026
status, LSWS running: 1
Mon Jul 13 15:29:40 EDT 2026
status, LSWS running: 1
Mon Jul 13 15:30:40 EDT 2026
status, LSWS running: 1
Mon Jul 13 15:31:40 EDT 2026
status, LSWS running: 1
Mon Jul 13 15:32:40 EDT 2026
status, LSWS running: 1
Mon Jul 13 15:33:40 EDT 2026
status, LSWS running: 1
Mon Jul 13 15:34:40 EDT 2026
status, LSWS running: 1
Mon Jul 13 15:35:40 EDT 2026
status, LSWS running: 1
Mon Jul 13 15:36:40 EDT 2026
status, LSWS running: 1
Mon Jul 13 15:37:40 EDT 2026
status, LSWS running: 1
Mon Jul 13 15:38:40 EDT 2026
status, LSWS running: 1
Mon Jul 13 15:39:40 EDT 2026
status, LSWS running: 1
Mon Jul 13 15:40:40 EDT 2026
status, LSWS running: 1
Mon Jul 13 15:41:40 EDT 2026
status, LSWS running: 1
Mon Jul 13 15:42:40 EDT 2026
status, LSWS running: 1
Mon Jul 13 15:43:40 EDT 2026
status, LSWS running: 1
Mon Jul 13 15:44:40 EDT 2026
status, LSWS running: 1
Mon Jul 13 15:45:41 EDT 2026
status, LSWS running: 1
Mon Jul 13 15:46:41 EDT 2026
status, LSWS running: 1
Mon Jul 13 15:47:41 EDT 2026
status, LSWS running: 1
Mon Jul 13 15:48:41 EDT 2026
status, LSWS running: 1
Mon Jul 13 15:49:41 EDT 2026
status, LSWS running: 1
Mon Jul 13 15:50:41 EDT 2026
status, LSWS running: 1
Mon Jul 13 15:51:41 EDT 2026
status, LSWS running: 1
Mon Jul 13 15:52:41 EDT 2026
status, LSWS running: 1
Mon Jul 13 15:53:41 EDT 2026
status, LSWS running: 1
Mon Jul 13 15:54:41 EDT 2026
status, LSWS running: 1
Mon Jul 13 15:55:41 EDT 2026
status, LSWS running: 1
Mon Jul 13 15:56:41 EDT 2026
status, LSWS running: 1
Mon Jul 13 15:57:41 EDT 2026
status, LSWS running: 1
Mon Jul 13 15:58:41 EDT 2026
status, LSWS running: 1
Mon Jul 13 15:59:41 EDT 2026
status, LSWS running: 1
Mon Jul 13 16:00:41 EDT 2026
status, LSWS running: 1
Mon Jul 13 16:01:41 EDT 2026
status, LSWS running: 1
Mon Jul 13 16:02:41 EDT 2026
status, LSWS running: 1
Mon Jul 13 16:03:41 EDT 2026
status, LSWS running: 1
Mon Jul 13 16:04:41 EDT 2026
status, LSWS running: 1
Mon Jul 13 16:05:41 EDT 2026
status, LSWS running: 1
Mon Jul 13 16:06:41 EDT 2026
status, LSWS running: 1
Mon Jul 13 16:07:41 EDT 2026
status, LSWS running: 1
Mon Jul 13 16:08:41 EDT 2026
status, LSWS running: 1
Mon Jul 13 16:09:41 EDT 2026
status, LSWS running: 1
Mon Jul 13 16:10:41 EDT 2026
status, LSWS running: 1
Mon Jul 13 16:11:41 EDT 2026
status, LSWS running: 1
Mon Jul 13 16:12:41 EDT 2026
status, LSWS running: 1
Mon Jul 13 16:13:41 EDT 2026
status, LSWS running: 1
Mon Jul 13 16:14:41 EDT 2026
status, LSWS running: 1
Mon Jul 13 16:15:41 EDT 2026
status, LSWS running: 1
Mon Jul 13 16:16:41 EDT 2026
status, LSWS running: 1
Mon Jul 13 16:17:41 EDT 2026
status, LSWS running: 1
Mon Jul 13 16:18:41 EDT 2026
status, LSWS running: 1
Mon Jul 13 16:19:41 EDT 2026
status, LSWS running: 1
Mon Jul 13 16:20:41 EDT 2026
status, LSWS running: 1
Mon Jul 13 16:21:41 EDT 2026
status, LSWS running: 1
Mon Jul 13 16:22:41 EDT 2026
status, LSWS running: 1
Mon Jul 13 16:23:41 EDT 2026
status, LSWS running: 1
Mon Jul 13 16:24:41 EDT 2026
status, LSWS running: 1
Mon Jul 13 16:25:41 EDT 2026
status, LSWS running: 1
Mon Jul 13 16:27:19 EDT 2026
status, LSWS running: 1
Mon Jul 13 16:28:19 EDT 2026
status, LSWS running: 1
Mon Jul 13 16:29:19 EDT 2026
status, LSWS running: 1
Mon Jul 13 16:30:19 EDT 2026
status, LSWS running: 1
Mon Jul 13 16:31:19 EDT 2026
status, LSWS running: 1
Mon Jul 13 16:32:19 EDT 2026
status, LSWS running: 1
Mon Jul 13 16:33:19 EDT 2026
status, LSWS running: 1
Mon Jul 13 16:34:19 EDT 2026
status, LSWS running: 1
Mon Jul 13 16:35:19 EDT 2026
status, LSWS running: 1
Mon Jul 13 16:36:19 EDT 2026
status, LSWS running: 1
Mon Jul 13 16:37:19 EDT 2026
status, LSWS running: 1
Mon Jul 13 16:38:19 EDT 2026
status, LSWS running: 1
Mon Jul 13 16:39:19 EDT 2026
status, LSWS running: 1
Mon Jul 13 16:40:19 EDT 2026
status, LSWS running: 1
Mon Jul 13 16:41:19 EDT 2026
status, LSWS running: 1
Mon Jul 13 16:42:19 EDT 2026
status, LSWS running: 1
Mon Jul 13 16:43:19 EDT 2026
status, LSWS running: 1
Mon Jul 13 16:44:19 EDT 2026
status, LSWS running: 1
Mon Jul 13 16:45:19 EDT 2026
status, LSWS running: 1
Mon Jul 13 16:46:19 EDT 2026
status, LSWS running: 1
Mon Jul 13 16:47:19 EDT 2026
status, LSWS running: 1
Mon Jul 13 16:48:19 EDT 2026
status, LSWS running: 1
Mon Jul 13 16:49:19 EDT 2026
status, LSWS running: 1
Mon Jul 13 16:50:19 EDT 2026
status, LSWS running: 1
Mon Jul 13 16:51:19 EDT 2026
status, LSWS running: 1
Mon Jul 13 16:52:19 EDT 2026
status, LSWS running: 1
Mon Jul 13 16:53:19 EDT 2026
status, LSWS running: 1
Mon Jul 13 16:54:19 EDT 2026
status, LSWS running: 1
Mon Jul 13 16:55:19 EDT 2026
status, LSWS running: 1
Mon Jul 13 16:56:19 EDT 2026
status, LSWS running: 1
Mon Jul 13 16:57:19 EDT 2026
status, LSWS running: 1
Mon Jul 13 16:58:19 EDT 2026
status, LSWS running: 1
Mon Jul 13 16:59:19 EDT 2026
status, LSWS running: 1
Mon Jul 13 17:00:19 EDT 2026
status, LSWS running: 1
Mon Jul 13 17:01:19 EDT 2026
status, LSWS running: 1
Mon Jul 13 17:02:19 EDT 2026
status, LSWS running: 1
Mon Jul 13 17:03:19 EDT 2026
status, LSWS running: 1
Mon Jul 13 17:04:19 EDT 2026
status, LSWS running: 1
Mon Jul 13 17:05:19 EDT 2026
status, LSWS running: 1
Mon Jul 13 17:06:19 EDT 2026
status, LSWS running: 1
Mon Jul 13 17:07:19 EDT 2026
status, LSWS running: 1
Mon Jul 13 17:08:19 EDT 2026
status, LSWS running: 1
Mon Jul 13 17:09:19 EDT 2026
status, LSWS running: 1
Mon Jul 13 17:10:19 EDT 2026
status, LSWS running: 1
Mon Jul 13 17:11:19 EDT 2026
status, LSWS running: 1
Mon Jul 13 17:12:19 EDT 2026
status, LSWS running: 1
Mon Jul 13 17:13:19 EDT 2026
status, LSWS running: 1
Mon Jul 13 17:14:19 EDT 2026
status, LSWS running: 1
Mon Jul 13 17:15:19 EDT 2026
status, LSWS running: 1
Mon Jul 13 17:16:19 EDT 2026
status, LSWS running: 1
Mon Jul 13 17:17:19 EDT 2026
status, LSWS running: 1
Mon Jul 13 17:18:19 EDT 2026
status, LSWS running: 1
Mon Jul 13 17:19:19 EDT 2026
status, LSWS running: 1
Mon Jul 13 17:20:19 EDT 2026
status, LSWS running: 1
Mon Jul 13 17:21:19 EDT 2026
status, LSWS running: 1
Mon Jul 13 17:22:19 EDT 2026
status, LSWS running: 1
Mon Jul 13 17:23:19 EDT 2026
status, LSWS running: 1
Mon Jul 13 17:24:19 EDT 2026
status, LSWS running: 1
Mon Jul 13 17:25:19 EDT 2026
status, LSWS running: 1
Mon Jul 13 17:26:19 EDT 2026
status, LSWS running: 1
Mon Jul 13 17:27:19 EDT 2026
status, LSWS running: 1
Mon Jul 13 17:28:19 EDT 2026
status, LSWS running: 1
Mon Jul 13 17:29:20 EDT 2026
status, LSWS running: 1
Mon Jul 13 17:30:20 EDT 2026
status, LSWS running: 1
Mon Jul 13 17:31:20 EDT 2026
status, LSWS running: 1
Mon Jul 13 17:32:20 EDT 2026
status, LSWS running: 1
Mon Jul 13 17:33:20 EDT 2026
status, LSWS running: 1
Mon Jul 13 17:34:20 EDT 2026
status, LSWS running: 1
Mon Jul 13 17:35:20 EDT 2026
status, LSWS running: 1
Mon Jul 13 17:36:20 EDT 2026
status, LSWS running: 1
Mon Jul 13 17:37:20 EDT 2026
status, LSWS running: 1
Mon Jul 13 17:38:20 EDT 2026
status, LSWS running: 1
Mon Jul 13 17:39:20 EDT 2026
status, LSWS running: 1
Mon Jul 13 17:40:20 EDT 2026
status, LSWS running: 1
Mon Jul 13 17:41:20 EDT 2026
status, LSWS running: 1
Mon Jul 13 17:42:20 EDT 2026
status, LSWS running: 1
Mon Jul 13 17:43:20 EDT 2026
status, LSWS running: 1
Mon Jul 13 17:44:20 EDT 2026
status, LSWS running: 1
Mon Jul 13 17:45:20 EDT 2026
status, LSWS running: 1
Mon Jul 13 17:46:20 EDT 2026
status, LSWS running: 1
Mon Jul 13 17:47:20 EDT 2026
status, LSWS running: 1
Mon Jul 13 17:48:20 EDT 2026
status, LSWS running: 1
Mon Jul 13 17:49:20 EDT 2026
status, LSWS running: 1
Mon Jul 13 17:50:20 EDT 2026
status, LSWS running: 1
Mon Jul 13 17:51:20 EDT 2026
status, LSWS running: 1
Mon Jul 13 17:52:20 EDT 2026
status, LSWS running: 1
Mon Jul 13 17:53:20 EDT 2026
status, LSWS running: 1
Mon Jul 13 17:54:20 EDT 2026
status, LSWS running: 1
Mon Jul 13 17:55:20 EDT 2026
status, LSWS running: 1
Mon Jul 13 17:56:20 EDT 2026
status, LSWS running: 1
Mon Jul 13 17:57:20 EDT 2026
status, LSWS running: 1
Mon Jul 13 17:58:20 EDT 2026
status, LSWS running: 1
Mon Jul 13 17:59:20 EDT 2026
status, LSWS running: 1
Mon Jul 13 18:00:20 EDT 2026
status, LSWS running: 1
Mon Jul 13 18:01:20 EDT 2026
status, LSWS running: 1
Mon Jul 13 18:02:20 EDT 2026
status, LSWS running: 1
Mon Jul 13 18:03:20 EDT 2026
status, LSWS running: 1
Mon Jul 13 18:04:20 EDT 2026
status, LSWS running: 1
Mon Jul 13 18:05:20 EDT 2026
status, LSWS running: 1
Mon Jul 13 18:06:20 EDT 2026
status, LSWS running: 1
Mon Jul 13 18:07:20 EDT 2026
status, LSWS running: 1
Mon Jul 13 18:08:20 EDT 2026
status, LSWS running: 1
Mon Jul 13 18:09:20 EDT 2026
status, LSWS running: 1
Mon Jul 13 18:10:20 EDT 2026
status, LSWS running: 1
Mon Jul 13 18:11:20 EDT 2026
status, LSWS running: 1
Mon Jul 13 18:12:20 EDT 2026
status, LSWS running: 1
Mon Jul 13 18:13:20 EDT 2026
status, LSWS running: 1
Mon Jul 13 18:14:20 EDT 2026
status, LSWS running: 1
Mon Jul 13 18:15:20 EDT 2026
status, LSWS running: 1
Mon Jul 13 18:16:20 EDT 2026
status, LSWS running: 1
Mon Jul 13 18:17:20 EDT 2026
status, LSWS running: 1
Mon Jul 13 18:18:20 EDT 2026
status, LSWS running: 1
Mon Jul 13 18:19:20 EDT 2026
status, LSWS running: 1
Mon Jul 13 18:20:20 EDT 2026
status, LSWS running: 1
Mon Jul 13 18:21:20 EDT 2026
status, LSWS running: 1
Mon Jul 13 18:22:20 EDT 2026
status, LSWS running: 1
Mon Jul 13 18:23:20 EDT 2026
status, LSWS running: 1
Mon Jul 13 18:24:20 EDT 2026
status, LSWS running: 1
Mon Jul 13 18:25:20 EDT 2026
status, LSWS running: 1
Mon Jul 13 18:26:20 EDT 2026
status, LSWS running: 1
Mon Jul 13 18:27:20 EDT 2026
status, LSWS running: 1
Mon Jul 13 18:28:20 EDT 2026
status, LSWS running: 1
Mon Jul 13 18:29:20 EDT 2026
status, LSWS running: 1
Mon Jul 13 18:30:20 EDT 2026
status, LSWS running: 1
Mon Jul 13 18:31:20 EDT 2026
status, LSWS running: 1
Mon Jul 13 18:32:20 EDT 2026
status, LSWS running: 1
Mon Jul 13 18:33:20 EDT 2026
status, LSWS running: 1
Mon Jul 13 18:34:20 EDT 2026
status, LSWS running: 1
Mon Jul 13 18:35:20 EDT 2026
status, LSWS running: 1
Mon Jul 13 18:36:20 EDT 2026
status, LSWS running: 1
Mon Jul 13 18:37:20 EDT 2026
status, LSWS running: 1
Mon Jul 13 18:38:20 EDT 2026
status, LSWS running: 1
Mon Jul 13 18:39:20 EDT 2026
status, LSWS running: 1
Mon Jul 13 18:40:20 EDT 2026
status, LSWS running: 1
Mon Jul 13 18:41:20 EDT 2026
status, LSWS running: 1
Mon Jul 13 18:42:20 EDT 2026
status, LSWS running: 1
Mon Jul 13 18:43:20 EDT 2026
status, LSWS running: 1
Mon Jul 13 18:44:20 EDT 2026
status, LSWS running: 1
Mon Jul 13 18:45:20 EDT 2026
status, LSWS running: 1
Mon Jul 13 18:46:20 EDT 2026
status, LSWS running: 1
Mon Jul 13 18:47:20 EDT 2026
status, LSWS running: 1
Mon Jul 13 18:48:20 EDT 2026
status, LSWS running: 1
Mon Jul 13 18:50:39 EDT 2026
status, LSWS running: 1
Mon Jul 13 18:55:40 EDT 2026
status, LSWS running: 1
Mon Jul 13 19:00:41 EDT 2026
status, LSWS running: 1
Mon Jul 13 19:05:42 EDT 2026
status, LSWS running: 1
Mon Jul 13 19:10:43 EDT 2026
status, LSWS running: 1
Mon Jul 13 19:15:45 EDT 2026
status, LSWS running: 1
Mon Jul 13 19:20:47 EDT 2026
status, LSWS running: 1
Mon Jul 13 19:21:47 EDT 2026
status, LSWS running: 1
Mon Jul 13 19:22:47 EDT 2026
status, LSWS running: 1
Mon Jul 13 19:23:47 EDT 2026
status, LSWS running: 1
Mon Jul 13 19:24:47 EDT 2026
status, LSWS running: 1
Mon Jul 13 19:25:48 EDT 2026
status, LSWS running: 1
Mon Jul 13 19:26:48 EDT 2026
status, LSWS running: 1
Mon Jul 13 19:27:48 EDT 2026
status, LSWS running: 1
Mon Jul 13 19:28:48 EDT 2026
status, LSWS running: 1
Mon Jul 13 19:29:48 EDT 2026
status, LSWS running: 1
Mon Jul 13 19:30:48 EDT 2026
status, LSWS running: 1
Mon Jul 13 19:31:48 EDT 2026
status, LSWS running: 1
Mon Jul 13 19:32:48 EDT 2026
status, LSWS running: 1
Mon Jul 13 19:33:48 EDT 2026
status, LSWS running: 1
Mon Jul 13 19:34:48 EDT 2026
status, LSWS running: 1
Mon Jul 13 19:35:48 EDT 2026
status, LSWS running: 1
Mon Jul 13 19:36:48 EDT 2026
status, LSWS running: 1
Mon Jul 13 19:37:48 EDT 2026
status, LSWS running: 1
Mon Jul 13 19:38:48 EDT 2026
status, LSWS running: 1
Mon Jul 13 19:39:48 EDT 2026
status, LSWS running: 1
Mon Jul 13 19:40:48 EDT 2026
status, LSWS running: 1
Mon Jul 13 19:41:48 EDT 2026
status, LSWS running: 1
Mon Jul 13 19:42:48 EDT 2026
status, LSWS running: 1
Mon Jul 13 19:43:49 EDT 2026
status, LSWS running: 1
Mon Jul 13 19:44:49 EDT 2026
status, LSWS running: 1
Mon Jul 13 19:45:49 EDT 2026
status, LSWS running: 1
Mon Jul 13 19:46:49 EDT 2026
status, LSWS running: 1
Mon Jul 13 19:47:49 EDT 2026
status, LSWS running: 1
Mon Jul 13 19:48:49 EDT 2026
status, LSWS running: 1
Mon Jul 13 19:49:49 EDT 2026
status, LSWS running: 1
Mon Jul 13 19:50:49 EDT 2026
status, LSWS running: 1
Mon Jul 13 19:51:49 EDT 2026
status, LSWS running: 1
Mon Jul 13 19:52:49 EDT 2026
status, LSWS running: 1
Mon Jul 13 19:53:49 EDT 2026
status, LSWS running: 1
Mon Jul 13 19:54:49 EDT 2026
status, LSWS running: 1
Mon Jul 13 19:55:49 EDT 2026
status, LSWS running: 1
Mon Jul 13 19:56:49 EDT 2026
status, LSWS running: 1
Mon Jul 13 19:57:49 EDT 2026
status, LSWS running: 1
Mon Jul 13 19:58:49 EDT 2026
status, LSWS running: 1
Mon Jul 13 19:59:50 EDT 2026
status, LSWS running: 1
Mon Jul 13 20:00:50 EDT 2026
status, LSWS running: 1
Mon Jul 13 20:01:50 EDT 2026
status, LSWS running: 1
Mon Jul 13 20:02:50 EDT 2026
status, LSWS running: 1
Mon Jul 13 20:03:50 EDT 2026
status, LSWS running: 1
Mon Jul 13 20:04:50 EDT 2026
status, LSWS running: 1
Mon Jul 13 20:05:50 EDT 2026
status, LSWS running: 1
Mon Jul 13 20:06:50 EDT 2026
status, LSWS running: 1
Mon Jul 13 20:07:50 EDT 2026
status, LSWS running: 1
Mon Jul 13 20:08:50 EDT 2026
status, LSWS running: 1
Mon Jul 13 20:09:50 EDT 2026
status, LSWS running: 1
Mon Jul 13 20:10:50 EDT 2026
status, LSWS running: 1
Mon Jul 13 20:11:50 EDT 2026
status, LSWS running: 1
Mon Jul 13 20:12:50 EDT 2026
status, LSWS running: 1
Mon Jul 13 20:13:50 EDT 2026
status, LSWS running: 1
Mon Jul 13 20:14:50 EDT 2026
status, LSWS running: 1
Mon Jul 13 20:15:50 EDT 2026
status, LSWS running: 1
Mon Jul 13 20:16:50 EDT 2026
status, LSWS running: 1
Mon Jul 13 20:17:50 EDT 2026
status, LSWS running: 1
Mon Jul 13 20:18:50 EDT 2026
status, LSWS running: 1
Mon Jul 13 20:19:50 EDT 2026
status, LSWS running: 1
Mon Jul 13 20:20:50 EDT 2026
status, LSWS running: 1
Mon Jul 13 20:21:51 EDT 2026
status, LSWS running: 1
Mon Jul 13 20:22:51 EDT 2026
status, LSWS running: 1
Mon Jul 13 20:23:51 EDT 2026
status, LSWS running: 1
Mon Jul 13 20:24:51 EDT 2026
status, LSWS running: 1
Mon Jul 13 20:25:51 EDT 2026
status, LSWS running: 1
Mon Jul 13 20:26:51 EDT 2026
status, LSWS running: 1
Mon Jul 13 20:27:51 EDT 2026
status, LSWS running: 1
Mon Jul 13 20:28:51 EDT 2026
status, LSWS running: 1
Mon Jul 13 20:29:51 EDT 2026
status, LSWS running: 1
Mon Jul 13 20:30:51 EDT 2026
status, LSWS running: 1
Mon Jul 13 20:31:51 EDT 2026
status, LSWS running: 1
Mon Jul 13 20:32:51 EDT 2026
status, LSWS running: 1
Mon Jul 13 20:33:51 EDT 2026
status, LSWS running: 1
Mon Jul 13 20:34:51 EDT 2026
status, LSWS running: 1
Mon Jul 13 20:35:51 EDT 2026
status, LSWS running: 1
Mon Jul 13 20:36:51 EDT 2026
status, LSWS running: 1
Mon Jul 13 20:37:51 EDT 2026
status, LSWS running: 1
Mon Jul 13 20:38:51 EDT 2026
status, LSWS running: 1
Mon Jul 13 20:39:51 EDT 2026
status, LSWS running: 1
Mon Jul 13 20:40:52 EDT 2026
status, LSWS running: 1
Mon Jul 13 20:41:52 EDT 2026
status, LSWS running: 1
Mon Jul 13 20:42:52 EDT 2026
status, LSWS running: 1
Mon Jul 13 20:43:52 EDT 2026
status, LSWS running: 1
Mon Jul 13 20:44:52 EDT 2026
status, LSWS running: 1
Mon Jul 13 20:45:52 EDT 2026
status, LSWS running: 1
Mon Jul 13 20:46:52 EDT 2026
status, LSWS running: 1
Mon Jul 13 20:47:52 EDT 2026
status, LSWS running: 1
Mon Jul 13 20:48:52 EDT 2026
status, LSWS running: 1
Mon Jul 13 20:49:52 EDT 2026
status, LSWS running: 1
Mon Jul 13 20:50:52 EDT 2026
status, LSWS running: 1
Mon Jul 13 20:51:52 EDT 2026
status, LSWS running: 1
Mon Jul 13 20:52:52 EDT 2026
status, LSWS running: 1
Mon Jul 13 20:53:52 EDT 2026
status, LSWS running: 1
Mon Jul 13 20:54:52 EDT 2026
status, LSWS running: 1
Mon Jul 13 20:55:52 EDT 2026
status, LSWS running: 1
Mon Jul 13 20:56:52 EDT 2026
status, LSWS running: 1
Mon Jul 13 20:57:52 EDT 2026
status, LSWS running: 1
Mon Jul 13 20:58:52 EDT 2026
status, LSWS running: 1
Mon Jul 13 20:59:52 EDT 2026
status, LSWS running: 1
Mon Jul 13 21:00:52 EDT 2026
status, LSWS running: 1
Mon Jul 13 21:01:52 EDT 2026
status, LSWS running: 1
Mon Jul 13 21:02:52 EDT 2026
status, LSWS running: 1
Mon Jul 13 21:03:52 EDT 2026
status, LSWS running: 1
Mon Jul 13 21:04:52 EDT 2026
status, LSWS running: 1
Mon Jul 13 21:05:52 EDT 2026
status, LSWS running: 1
Mon Jul 13 21:06:52 EDT 2026
status, LSWS running: 1
Mon Jul 13 21:07:52 EDT 2026
status, LSWS running: 1
Mon Jul 13 21:08:52 EDT 2026
status, LSWS running: 1
Mon Jul 13 21:09:52 EDT 2026
status, LSWS running: 1
Mon Jul 13 21:10:52 EDT 2026
status, LSWS running: 1
Mon Jul 13 21:11:52 EDT 2026
status, LSWS running: 1
Mon Jul 13 21:12:52 EDT 2026
status, LSWS running: 1
Mon Jul 13 21:13:52 EDT 2026
status, LSWS running: 1
Mon Jul 13 21:14:52 EDT 2026
status, LSWS running: 1
Mon Jul 13 21:15:52 EDT 2026
status, LSWS running: 1
Mon Jul 13 21:16:52 EDT 2026
status, LSWS running: 1
Mon Jul 13 21:17:52 EDT 2026
status, LSWS running: 1
Mon Jul 13 21:18:52 EDT 2026
status, LSWS running: 1
Mon Jul 13 21:19:52 EDT 2026
status, LSWS running: 1
Mon Jul 13 21:20:52 EDT 2026
status, LSWS running: 1
Mon Jul 13 21:21:52 EDT 2026
status, LSWS running: 1
Mon Jul 13 21:22:52 EDT 2026
status, LSWS running: 1
Mon Jul 13 21:23:52 EDT 2026
status, LSWS running: 1
Mon Jul 13 21:24:52 EDT 2026
status, LSWS running: 1
Mon Jul 13 21:25:53 EDT 2026
status, LSWS running: 1
Mon Jul 13 21:26:53 EDT 2026
status, LSWS running: 1
Mon Jul 13 21:30:48 EDT 2026
status, LSWS running: 1
Mon Jul 13 21:35:49 EDT 2026
status, LSWS running: 1
Mon Jul 13 21:40:50 EDT 2026
status, LSWS running: 1
Mon Jul 13 21:45:51 EDT 2026
status, LSWS running: 1
Mon Jul 13 21:50:47 EDT 2026
status, LSWS running: 1
Mon Jul 13 21:52:17 EDT 2026
status, LSWS running: 1
Mon Jul 13 21:55:52 EDT 2026
status, LSWS running: 1
Mon Jul 13 22:00:53 EDT 2026
status, LSWS running: 1
Mon Jul 13 22:01:53 EDT 2026
status, LSWS running: 1
Mon Jul 13 22:02:53 EDT 2026
status, LSWS running: 1
Mon Jul 13 22:03:53 EDT 2026
status, LSWS running: 1
Mon Jul 13 22:04:53 EDT 2026
status, LSWS running: 1
Mon Jul 13 22:05:54 EDT 2026
status, LSWS running: 1
Mon Jul 13 22:06:54 EDT 2026
status, LSWS running: 1
Mon Jul 13 22:07:54 EDT 2026
status, LSWS running: 1
Mon Jul 13 22:08:54 EDT 2026
status, LSWS running: 1
Mon Jul 13 22:09:54 EDT 2026
status, LSWS running: 1
Mon Jul 13 22:10:54 EDT 2026
status, LSWS running: 1
Mon Jul 13 22:15:56 EDT 2026
status, LSWS running: 1
Mon Jul 13 22:16:56 EDT 2026
status, LSWS running: 1
Mon Jul 13 22:17:56 EDT 2026
status, LSWS running: 1
Mon Jul 13 22:18:56 EDT 2026
status, LSWS running: 1
Mon Jul 13 22:19:57 EDT 2026
status, LSWS running: 1
Mon Jul 13 22:20:57 EDT 2026
status, LSWS running: 1
Mon Jul 13 22:21:57 EDT 2026
status, LSWS running: 1
Mon Jul 13 22:22:57 EDT 2026
status, LSWS running: 1
Mon Jul 13 22:23:57 EDT 2026
status, LSWS running: 1
Mon Jul 13 22:24:57 EDT 2026
status, LSWS running: 1
Mon Jul 13 22:25:57 EDT 2026
status, LSWS running: 1
Mon Jul 13 22:26:57 EDT 2026
status, LSWS running: 1
Mon Jul 13 22:27:57 EDT 2026
status, LSWS running: 1
Mon Jul 13 22:28:57 EDT 2026
status, LSWS running: 1
Mon Jul 13 22:29:57 EDT 2026
status, LSWS running: 1
Mon Jul 13 22:30:58 EDT 2026
status, LSWS running: 1
Mon Jul 13 22:31:58 EDT 2026
status, LSWS running: 1
Mon Jul 13 22:32:58 EDT 2026
status, LSWS running: 1
Mon Jul 13 22:33:58 EDT 2026
status, LSWS running: 1
Mon Jul 13 22:34:58 EDT 2026
status, LSWS running: 1
Mon Jul 13 22:35:58 EDT 2026
status, LSWS running: 1
Mon Jul 13 22:36:58 EDT 2026
status, LSWS running: 1
Mon Jul 13 22:37:58 EDT 2026
status, LSWS running: 1
Mon Jul 13 22:38:58 EDT 2026
status, LSWS running: 1
Mon Jul 13 22:39:58 EDT 2026
status, LSWS running: 1
Mon Jul 13 22:40:58 EDT 2026
status, LSWS running: 1
Mon Jul 13 22:41:58 EDT 2026
status, LSWS running: 1
Mon Jul 13 22:42:58 EDT 2026
status, LSWS running: 1
Mon Jul 13 22:43:59 EDT 2026
status, LSWS running: 1
Mon Jul 13 22:44:59 EDT 2026
status, LSWS running: 1
Mon Jul 13 22:45:59 EDT 2026
status, LSWS running: 1
Mon Jul 13 22:46:59 EDT 2026
status, LSWS running: 1
Mon Jul 13 22:47:59 EDT 2026
status, LSWS running: 1
Mon Jul 13 22:48:59 EDT 2026
status, LSWS running: 1
Mon Jul 13 22:49:59 EDT 2026
status, LSWS running: 1
Mon Jul 13 22:50:59 EDT 2026
status, LSWS running: 1
Mon Jul 13 22:51:59 EDT 2026
status, LSWS running: 1
Mon Jul 13 22:52:59 EDT 2026
status, LSWS running: 1
Mon Jul 13 22:53:59 EDT 2026
status, LSWS running: 1
Mon Jul 13 22:54:59 EDT 2026
status, LSWS running: 1
Mon Jul 13 22:55:59 EDT 2026
status, LSWS running: 1
Mon Jul 13 22:56:59 EDT 2026
status, LSWS running: 1
Mon Jul 13 22:57:59 EDT 2026
status, LSWS running: 1
Mon Jul 13 22:58:59 EDT 2026
status, LSWS running: 1
Mon Jul 13 22:59:59 EDT 2026
status, LSWS running: 1
Mon Jul 13 23:01:00 EDT 2026
status, LSWS running: 1
Mon Jul 13 23:02:00 EDT 2026
status, LSWS running: 1
Mon Jul 13 23:03:00 EDT 2026
status, LSWS running: 1
Mon Jul 13 23:04:00 EDT 2026
status, LSWS running: 1
Mon Jul 13 23:05:00 EDT 2026
status, LSWS running: 1
Mon Jul 13 23:06:00 EDT 2026
status, LSWS running: 1
Mon Jul 13 23:07:00 EDT 2026
status, LSWS running: 1
Mon Jul 13 23:08:00 EDT 2026
status, LSWS running: 1
Mon Jul 13 23:09:00 EDT 2026
status, LSWS running: 1
Mon Jul 13 23:10:00 EDT 2026
status, LSWS running: 1
Mon Jul 13 23:11:00 EDT 2026
status, LSWS running: 1
Mon Jul 13 23:12:00 EDT 2026
status, LSWS running: 1
Mon Jul 13 23:13:00 EDT 2026
status, LSWS running: 1
Mon Jul 13 23:14:00 EDT 2026
status, LSWS running: 1
Mon Jul 13 23:15:00 EDT 2026
status, LSWS running: 1
Mon Jul 13 23:16:00 EDT 2026
status, LSWS running: 1
Mon Jul 13 23:17:00 EDT 2026
status, LSWS running: 1
Mon Jul 13 23:18:00 EDT 2026
status, LSWS running: 1
Mon Jul 13 23:19:01 EDT 2026
status, LSWS running: 1
Mon Jul 13 23:20:57 EDT 2026
status, LSWS running: 1
Mon Jul 13 23:21:57 EDT 2026
status, LSWS running: 1
Mon Jul 13 23:22:57 EDT 2026
status, LSWS running: 1
Mon Jul 13 23:23:57 EDT 2026
status, LSWS running: 1
Mon Jul 13 23:24:58 EDT 2026
status, LSWS running: 1
Mon Jul 13 23:25:58 EDT 2026
status, LSWS running: 1
Mon Jul 13 23:26:58 EDT 2026
status, LSWS running: 1
Mon Jul 13 23:27:58 EDT 2026
status, LSWS running: 1
Mon Jul 13 23:28:58 EDT 2026
status, LSWS running: 1
Mon Jul 13 23:29:58 EDT 2026
status, LSWS running: 1
Mon Jul 13 23:30:58 EDT 2026
status, LSWS running: 1
Mon Jul 13 23:31:58 EDT 2026
status, LSWS running: 1
Mon Jul 13 23:32:58 EDT 2026
status, LSWS running: 1
Mon Jul 13 23:33:58 EDT 2026
status, LSWS running: 1
Mon Jul 13 23:34:58 EDT 2026
status, LSWS running: 1
Mon Jul 13 23:35:58 EDT 2026
status, LSWS running: 1
Mon Jul 13 23:36:59 EDT 2026
status, LSWS running: 1
Mon Jul 13 23:37:59 EDT 2026
status, LSWS running: 1
Mon Jul 13 23:38:59 EDT 2026
status, LSWS running: 1
Mon Jul 13 23:39:59 EDT 2026
status, LSWS running: 1
Mon Jul 13 23:40:59 EDT 2026
status, LSWS running: 1
Mon Jul 13 23:41:59 EDT 2026
status, LSWS running: 1
Mon Jul 13 23:42:59 EDT 2026
status, LSWS running: 1
Mon Jul 13 23:43:59 EDT 2026
status, LSWS running: 1
Mon Jul 13 23:44:59 EDT 2026
status, LSWS running: 1
Mon Jul 13 23:45:59 EDT 2026
status, LSWS running: 1
Mon Jul 13 23:46:59 EDT 2026
status, LSWS running: 1
Mon Jul 13 23:47:59 EDT 2026
status, LSWS running: 1
Mon Jul 13 23:48:59 EDT 2026
status, LSWS running: 1
Mon Jul 13 23:49:59 EDT 2026
status, LSWS running: 1
Mon Jul 13 23:50:59 EDT 2026
status, LSWS running: 1
Mon Jul 13 23:51:59 EDT 2026
status, LSWS running: 1
Mon Jul 13 23:53:00 EDT 2026
status, LSWS running: 1
Mon Jul 13 23:54:00 EDT 2026
status, LSWS running: 1
Mon Jul 13 23:55:00 EDT 2026
status, LSWS running: 1
Mon Jul 13 23:56:00 EDT 2026
status, LSWS running: 1
Mon Jul 13 23:57:00 EDT 2026
status, LSWS running: 1
Mon Jul 13 23:58:00 EDT 2026
status, LSWS running: 1
Mon Jul 13 23:59:00 EDT 2026
status, LSWS running: 1
Tue Jul 14 00:00:00 EDT 2026
status, LSWS running: 1
Tue Jul 14 00:01:00 EDT 2026
status, LSWS running: 1
Tue Jul 14 00:02:00 EDT 2026
status, LSWS running: 1
Tue Jul 14 00:03:00 EDT 2026
status, LSWS running: 1
Tue Jul 14 00:04:00 EDT 2026
status, LSWS running: 1
Tue Jul 14 00:05:00 EDT 2026
status, LSWS running: 1
Tue Jul 14 00:06:00 EDT 2026
status, LSWS running: 1
Tue Jul 14 00:07:00 EDT 2026
status, LSWS running: 1
Tue Jul 14 00:08:00 EDT 2026
status, LSWS running: 1
Tue Jul 14 00:09:00 EDT 2026
status, LSWS running: 1
Tue Jul 14 00:10:00 EDT 2026
status, LSWS running: 1
Tue Jul 14 00:11:00 EDT 2026
status, LSWS running: 1
Tue Jul 14 00:12:00 EDT 2026
status, LSWS running: 1
Tue Jul 14 00:13:00 EDT 2026
status, LSWS running: 1
Tue Jul 14 00:14:00 EDT 2026
status, LSWS running: 1
Tue Jul 14 00:15:00 EDT 2026
status, LSWS running: 1
Tue Jul 14 00:16:01 EDT 2026
status, LSWS running: 1
Tue Jul 14 00:17:01 EDT 2026
status, LSWS running: 1
Tue Jul 14 00:18:01 EDT 2026
status, LSWS running: 1
Tue Jul 14 00:19:01 EDT 2026
status, LSWS running: 1
Tue Jul 14 00:20:01 EDT 2026
status, LSWS running: 1
Tue Jul 14 00:21:01 EDT 2026
status, LSWS running: 1
Tue Jul 14 00:22:01 EDT 2026
status, LSWS running: 1
Tue Jul 14 00:25:58 EDT 2026
status, LSWS running: 1
Tue Jul 14 00:26:58 EDT 2026
status, LSWS running: 1
Tue Jul 14 00:27:58 EDT 2026
status, LSWS running: 1
Tue Jul 14 00:28:58 EDT 2026
status, LSWS running: 1
Tue Jul 14 00:29:58 EDT 2026
status, LSWS running: 1
Tue Jul 14 00:30:58 EDT 2026
status, LSWS running: 1
Tue Jul 14 00:31:58 EDT 2026
status, LSWS running: 1
Tue Jul 14 00:32:59 EDT 2026
status, LSWS running: 1
Tue Jul 14 00:33:59 EDT 2026
status, LSWS running: 1
Tue Jul 14 00:34:59 EDT 2026
status, LSWS running: 1
Tue Jul 14 00:35:59 EDT 2026
status, LSWS running: 1
Tue Jul 14 00:36:59 EDT 2026
status, LSWS running: 1
Tue Jul 14 00:37:59 EDT 2026
status, LSWS running: 1
Tue Jul 14 00:38:59 EDT 2026
status, LSWS running: 1
Tue Jul 14 00:39:59 EDT 2026
status, LSWS running: 1
Tue Jul 14 00:40:59 EDT 2026
status, LSWS running: 1
Tue Jul 14 00:41:59 EDT 2026
status, LSWS running: 1
Tue Jul 14 00:42:59 EDT 2026
status, LSWS running: 1
Tue Jul 14 00:43:59 EDT 2026
status, LSWS running: 1
Tue Jul 14 00:44:59 EDT 2026
status, LSWS running: 1
Tue Jul 14 00:45:59 EDT 2026
status, LSWS running: 1
Tue Jul 14 00:46:59 EDT 2026
status, LSWS running: 1
Tue Jul 14 00:47:59 EDT 2026
status, LSWS running: 1
Tue Jul 14 00:48:59 EDT 2026
status, LSWS running: 1
Tue Jul 14 00:49:59 EDT 2026
status, LSWS running: 1
Tue Jul 14 00:50:59 EDT 2026
status, LSWS running: 1
Tue Jul 14 00:51:59 EDT 2026
status, LSWS running: 1
Tue Jul 14 00:52:59 EDT 2026
status, LSWS running: 1
Tue Jul 14 00:53:59 EDT 2026
status, LSWS running: 1
Tue Jul 14 00:54:59 EDT 2026
status, LSWS running: 1
Tue Jul 14 00:55:59 EDT 2026
status, LSWS running: 1
Tue Jul 14 00:56:59 EDT 2026
status, LSWS running: 1
Tue Jul 14 00:57:59 EDT 2026
status, LSWS running: 1
Tue Jul 14 00:58:59 EDT 2026
status, LSWS running: 1
Tue Jul 14 00:59:59 EDT 2026
status, LSWS running: 1
Tue Jul 14 01:00:59 EDT 2026
status, LSWS running: 1
Tue Jul 14 01:01:59 EDT 2026
status, LSWS running: 1
Tue Jul 14 01:02:59 EDT 2026
status, LSWS running: 1
Tue Jul 14 01:03:59 EDT 2026
status, LSWS running: 1
Tue Jul 14 01:04:59 EDT 2026
status, LSWS running: 1
Tue Jul 14 01:05:59 EDT 2026
status, LSWS running: 1
Tue Jul 14 01:06:59 EDT 2026
status, LSWS running: 1
Tue Jul 14 01:07:59 EDT 2026
status, LSWS running: 1
Tue Jul 14 01:08:59 EDT 2026
status, LSWS running: 1
Tue Jul 14 01:09:59 EDT 2026
status, LSWS running: 1
Tue Jul 14 01:11:00 EDT 2026
status, LSWS running: 1
Tue Jul 14 01:12:00 EDT 2026
status, LSWS running: 1
Tue Jul 14 01:13:00 EDT 2026
status, LSWS running: 1
Tue Jul 14 01:14:00 EDT 2026
status, LSWS running: 1
Tue Jul 14 01:16:03 EDT 2026
status, LSWS running: 1
Tue Jul 14 01:17:03 EDT 2026
status, LSWS running: 1
Tue Jul 14 01:18:03 EDT 2026
status, LSWS running: 1
Tue Jul 14 01:19:03 EDT 2026
status, LSWS running: 1
Tue Jul 14 01:20:03 EDT 2026
status, LSWS running: 1
Tue Jul 14 01:21:03 EDT 2026
status, LSWS running: 1
Tue Jul 14 01:22:03 EDT 2026
status, LSWS running: 1
Tue Jul 14 01:23:03 EDT 2026
status, LSWS running: 1
Tue Jul 14 01:24:04 EDT 2026
status, LSWS running: 1
Tue Jul 14 01:25:04 EDT 2026
status, LSWS running: 1
Tue Jul 14 01:26:04 EDT 2026
status, LSWS running: 1
Tue Jul 14 01:27:04 EDT 2026
status, LSWS running: 1
Tue Jul 14 01:28:04 EDT 2026
status, LSWS running: 1
Tue Jul 14 01:29:04 EDT 2026
status, LSWS running: 1
Tue Jul 14 01:30:04 EDT 2026
status, LSWS running: 1
Tue Jul 14 01:31:04 EDT 2026
status, LSWS running: 1
Tue Jul 14 01:32:04 EDT 2026
status, LSWS running: 1
Tue Jul 14 01:33:04 EDT 2026
status, LSWS running: 1
Tue Jul 14 01:34:04 EDT 2026
status, LSWS running: 1
Tue Jul 14 01:35:04 EDT 2026
status, LSWS running: 1
Tue Jul 14 01:36:04 EDT 2026
status, LSWS running: 1
Tue Jul 14 01:37:04 EDT 2026
status, LSWS running: 1
Tue Jul 14 01:38:04 EDT 2026
status, LSWS running: 1
Tue Jul 14 01:39:04 EDT 2026
status, LSWS running: 1
Tue Jul 14 01:40:04 EDT 2026
status, LSWS running: 1
Tue Jul 14 01:41:04 EDT 2026
status, LSWS running: 1
Tue Jul 14 01:42:04 EDT 2026
status, LSWS running: 1
Tue Jul 14 01:43:04 EDT 2026
status, LSWS running: 1
Tue Jul 14 01:44:04 EDT 2026
status, LSWS running: 1
Tue Jul 14 01:45:04 EDT 2026
status, LSWS running: 1
Tue Jul 14 01:46:05 EDT 2026
status, LSWS running: 1
Tue Jul 14 01:47:05 EDT 2026
status, LSWS running: 1
Tue Jul 14 01:48:05 EDT 2026
status, LSWS running: 1
Tue Jul 14 01:49:05 EDT 2026
status, LSWS running: 1
Tue Jul 14 01:50:05 EDT 2026
status, LSWS running: 1
Tue Jul 14 01:51:05 EDT 2026
status, LSWS running: 1
Tue Jul 14 01:52:05 EDT 2026
status, LSWS running: 1
Tue Jul 14 01:53:05 EDT 2026
status, LSWS running: 1
Tue Jul 14 01:54:05 EDT 2026
status, LSWS running: 1
Tue Jul 14 01:55:06 EDT 2026
status, LSWS running: 1
Tue Jul 14 01:56:06 EDT 2026
status, LSWS running: 1
Tue Jul 14 01:57:06 EDT 2026
status, LSWS running: 1
Tue Jul 14 01:58:06 EDT 2026
status, LSWS running: 1
Tue Jul 14 01:59:06 EDT 2026
status, LSWS running: 1
Tue Jul 14 02:00:06 EDT 2026
status, LSWS running: 1
Tue Jul 14 02:01:06 EDT 2026
status, LSWS running: 1
Tue Jul 14 02:02:06 EDT 2026
status, LSWS running: 1
Tue Jul 14 02:03:06 EDT 2026
status, LSWS running: 1
Tue Jul 14 02:04:06 EDT 2026
status, LSWS running: 1
Tue Jul 14 02:05:06 EDT 2026
status, LSWS running: 1
Tue Jul 14 02:06:06 EDT 2026
status, LSWS running: 1
Tue Jul 14 02:07:06 EDT 2026
status, LSWS running: 1
Tue Jul 14 02:08:06 EDT 2026
status, LSWS running: 1
Tue Jul 14 02:09:06 EDT 2026
status, LSWS running: 1
Tue Jul 14 02:10:06 EDT 2026
status, LSWS running: 1
Tue Jul 14 02:11:07 EDT 2026
status, LSWS running: 1
Tue Jul 14 02:16:08 EDT 2026
status, LSWS running: 1
Tue Jul 14 02:17:08 EDT 2026
status, LSWS running: 1
Tue Jul 14 02:21:09 EDT 2026
status, LSWS running: 1
Tue Jul 14 02:22:09 EDT 2026
status, LSWS running: 1
Tue Jul 14 02:23:09 EDT 2026
status, LSWS running: 1
Tue Jul 14 02:24:09 EDT 2026
status, LSWS running: 1
Tue Jul 14 02:25:09 EDT 2026
status, LSWS running: 1
Tue Jul 14 02:26:09 EDT 2026
status, LSWS running: 1
Tue Jul 14 02:27:09 EDT 2026
status, LSWS running: 1
Tue Jul 14 02:28:09 EDT 2026
status, LSWS running: 1
Tue Jul 14 02:29:09 EDT 2026
status, LSWS running: 1
Tue Jul 14 02:30:09 EDT 2026
status, LSWS running: 1
Tue Jul 14 02:31:09 EDT 2026
status, LSWS running: 1
Tue Jul 14 02:32:09 EDT 2026
status, LSWS running: 1
Tue Jul 14 02:33:10 EDT 2026
status, LSWS running: 1
Tue Jul 14 02:34:10 EDT 2026
status, LSWS running: 1
Tue Jul 14 02:35:10 EDT 2026
status, LSWS running: 1
Tue Jul 14 02:36:10 EDT 2026
status, LSWS running: 1
Tue Jul 14 02:37:10 EDT 2026
status, LSWS running: 1
Tue Jul 14 02:38:10 EDT 2026
status, LSWS running: 1
Tue Jul 14 02:39:10 EDT 2026
status, LSWS running: 1
Tue Jul 14 02:40:10 EDT 2026
status, LSWS running: 1
Tue Jul 14 02:41:10 EDT 2026
status, LSWS running: 1
Tue Jul 14 02:42:10 EDT 2026
status, LSWS running: 1
Tue Jul 14 02:43:10 EDT 2026
status, LSWS running: 1
Tue Jul 14 02:44:10 EDT 2026
status, LSWS running: 1
Tue Jul 14 02:45:10 EDT 2026
status, LSWS running: 1
Tue Jul 14 02:46:10 EDT 2026
status, LSWS running: 1
Tue Jul 14 02:47:10 EDT 2026
status, LSWS running: 1
Tue Jul 14 02:48:10 EDT 2026
status, LSWS running: 1
Tue Jul 14 02:49:10 EDT 2026
status, LSWS running: 1
Tue Jul 14 02:50:10 EDT 2026
status, LSWS running: 1
Tue Jul 14 02:51:10 EDT 2026
status, LSWS running: 1
Tue Jul 14 02:52:10 EDT 2026
status, LSWS running: 1
Tue Jul 14 02:53:10 EDT 2026
status, LSWS running: 1
Tue Jul 14 02:54:10 EDT 2026
status, LSWS running: 1
Tue Jul 14 02:55:10 EDT 2026
status, LSWS running: 1
Tue Jul 14 02:56:10 EDT 2026
status, LSWS running: 1
Tue Jul 14 02:57:10 EDT 2026
status, LSWS running: 1
Tue Jul 14 02:58:10 EDT 2026
status, LSWS running: 1
Tue Jul 14 02:59:10 EDT 2026
status, LSWS running: 1
Tue Jul 14 03:00:10 EDT 2026
status, LSWS running: 1
Tue Jul 14 03:01:10 EDT 2026
status, LSWS running: 1
Tue Jul 14 03:02:10 EDT 2026
status, LSWS running: 1
Tue Jul 14 03:03:10 EDT 2026
status, LSWS running: 1
Tue Jul 14 03:04:10 EDT 2026
status, LSWS running: 1
Tue Jul 14 03:05:10 EDT 2026
status, LSWS running: 1
Tue Jul 14 03:06:10 EDT 2026
status, LSWS running: 1
Tue Jul 14 03:07:10 EDT 2026
status, LSWS running: 1
Tue Jul 14 03:08:10 EDT 2026
status, LSWS running: 1
Tue Jul 14 03:09:10 EDT 2026
status, LSWS running: 1
Tue Jul 14 03:10:10 EDT 2026
status, LSWS running: 1
Tue Jul 14 03:11:10 EDT 2026
status, LSWS running: 1
Tue Jul 14 03:12:10 EDT 2026
status, LSWS running: 1
Tue Jul 14 03:13:11 EDT 2026
status, LSWS running: 1
Tue Jul 14 03:14:11 EDT 2026
status, LSWS running: 1
Tue Jul 14 03:15:11 EDT 2026
status, LSWS running: 1
Tue Jul 14 03:16:11 EDT 2026
status, LSWS running: 1
Tue Jul 14 03:17:11 EDT 2026
status, LSWS running: 1
Tue Jul 14 03:18:11 EDT 2026
status, LSWS running: 1
Tue Jul 14 03:19:11 EDT 2026
status, LSWS running: 1
Tue Jul 14 03:20:11 EDT 2026
status, LSWS running: 1
Tue Jul 14 03:21:11 EDT 2026
status, LSWS running: 1
Tue Jul 14 03:26:11 EDT 2026
status, LSWS running: 1
Tue Jul 14 03:27:11 EDT 2026
status, LSWS running: 1
Tue Jul 14 03:28:11 EDT 2026
status, LSWS running: 1
Tue Jul 14 03:29:11 EDT 2026
status, LSWS running: 1
Tue Jul 14 03:30:11 EDT 2026
status, LSWS running: 1
Tue Jul 14 03:31:11 EDT 2026
status, LSWS running: 1
Tue Jul 14 03:32:11 EDT 2026
status, LSWS running: 1
Tue Jul 14 03:33:11 EDT 2026
status, LSWS running: 1
Tue Jul 14 03:34:12 EDT 2026
status, LSWS running: 1
Tue Jul 14 03:35:12 EDT 2026
status, LSWS running: 1
Tue Jul 14 03:36:12 EDT 2026
status, LSWS running: 1
Tue Jul 14 03:37:12 EDT 2026
status, LSWS running: 1
Tue Jul 14 03:38:12 EDT 2026
status, LSWS running: 1
Tue Jul 14 03:39:12 EDT 2026
status, LSWS running: 1
Tue Jul 14 03:40:12 EDT 2026
status, LSWS running: 1
Tue Jul 14 03:41:12 EDT 2026
status, LSWS running: 1
Tue Jul 14 03:42:12 EDT 2026
status, LSWS running: 1
Tue Jul 14 03:46:13 EDT 2026
status, LSWS running: 1
Tue Jul 14 03:47:14 EDT 2026
status, LSWS running: 1
Tue Jul 14 03:48:14 EDT 2026
status, LSWS running: 1
Tue Jul 14 03:49:14 EDT 2026
status, LSWS running: 1
Tue Jul 14 03:50:14 EDT 2026
status, LSWS running: 1
Tue Jul 14 03:51:14 EDT 2026
status, LSWS running: 1
Tue Jul 14 03:52:14 EDT 2026
status, LSWS running: 1
Tue Jul 14 03:53:14 EDT 2026
status, LSWS running: 1
Tue Jul 14 03:54:14 EDT 2026
status, LSWS running: 1
Tue Jul 14 03:55:14 EDT 2026
status, LSWS running: 1
Tue Jul 14 03:56:14 EDT 2026
status, LSWS running: 1
Tue Jul 14 03:57:14 EDT 2026
status, LSWS running: 1
Tue Jul 14 03:58:14 EDT 2026
status, LSWS running: 1
Tue Jul 14 03:59:14 EDT 2026
status, LSWS running: 1
Tue Jul 14 04:00:14 EDT 2026
status, LSWS running: 1
Tue Jul 14 04:01:14 EDT 2026
status, LSWS running: 1
Tue Jul 14 04:02:14 EDT 2026
status, LSWS running: 1
Tue Jul 14 04:03:14 EDT 2026
status, LSWS running: 1
Tue Jul 14 04:04:14 EDT 2026
status, LSWS running: 1
Tue Jul 14 04:05:14 EDT 2026
status, LSWS running: 1
Tue Jul 14 04:06:14 EDT 2026
status, LSWS running: 1
Tue Jul 14 04:07:14 EDT 2026
status, LSWS running: 1
Tue Jul 14 04:08:14 EDT 2026
status, LSWS running: 1
Tue Jul 14 04:09:14 EDT 2026
status, LSWS running: 1
Tue Jul 14 04:10:14 EDT 2026
status, LSWS running: 1
Tue Jul 14 04:11:14 EDT 2026
status, LSWS running: 1
Tue Jul 14 04:12:14 EDT 2026
status, LSWS running: 1
Tue Jul 14 04:13:14 EDT 2026
status, LSWS running: 1
Tue Jul 14 04:14:14 EDT 2026
status, LSWS running: 1
Tue Jul 14 04:15:14 EDT 2026
status, LSWS running: 1
Tue Jul 14 04:16:14 EDT 2026
status, LSWS running: 1
Tue Jul 14 04:17:14 EDT 2026
status, LSWS running: 1
Tue Jul 14 04:18:14 EDT 2026
status, LSWS running: 1
Tue Jul 14 04:19:14 EDT 2026
status, LSWS running: 1
Tue Jul 14 04:20:14 EDT 2026
status, LSWS running: 1
Tue Jul 14 04:21:14 EDT 2026
status, LSWS running: 1
Tue Jul 14 04:22:14 EDT 2026
status, LSWS running: 1
Tue Jul 14 04:23:14 EDT 2026
status, LSWS running: 1
Tue Jul 14 04:24:14 EDT 2026
status, LSWS running: 1
Tue Jul 14 04:25:14 EDT 2026
status, LSWS running: 1
Tue Jul 14 04:26:14 EDT 2026
status, LSWS running: 1
Tue Jul 14 04:27:14 EDT 2026
status, LSWS running: 1
Tue Jul 14 04:28:14 EDT 2026
status, LSWS running: 1
Tue Jul 14 04:29:14 EDT 2026
status, LSWS running: 1
Tue Jul 14 04:30:14 EDT 2026
status, LSWS running: 1
Tue Jul 14 04:31:14 EDT 2026
status, LSWS running: 1
Tue Jul 14 04:32:14 EDT 2026
status, LSWS running: 1
Tue Jul 14 04:33:14 EDT 2026
status, LSWS running: 1
Tue Jul 14 04:34:14 EDT 2026
status, LSWS running: 1
Tue Jul 14 04:35:14 EDT 2026
status, LSWS running: 1
Tue Jul 14 04:36:14 EDT 2026
status, LSWS running: 1
Tue Jul 14 04:37:14 EDT 2026
status, LSWS running: 1
Tue Jul 14 04:38:14 EDT 2026
status, LSWS running: 1
Tue Jul 14 04:39:14 EDT 2026
status, LSWS running: 1
Tue Jul 14 04:40:14 EDT 2026
status, LSWS running: 1
Tue Jul 14 04:41:14 EDT 2026
status, LSWS running: 1
Tue Jul 14 04:42:14 EDT 2026
status, LSWS running: 1
Tue Jul 14 04:43:14 EDT 2026
status, LSWS running: 1
Tue Jul 14 04:44:14 EDT 2026
status, LSWS running: 1
Tue Jul 14 04:45:14 EDT 2026
status, LSWS running: 1
Tue Jul 14 04:46:14 EDT 2026
status, LSWS running: 1
Tue Jul 14 04:47:14 EDT 2026
status, LSWS running: 1
Tue Jul 14 04:48:14 EDT 2026
status, LSWS running: 1
Tue Jul 14 04:49:14 EDT 2026
status, LSWS running: 1
Tue Jul 14 04:50:14 EDT 2026
status, LSWS running: 1
Tue Jul 14 04:51:14 EDT 2026
status, LSWS running: 1
Tue Jul 14 04:52:14 EDT 2026
status, LSWS running: 1
Tue Jul 14 04:53:14 EDT 2026
status, LSWS running: 1
Tue Jul 14 04:54:14 EDT 2026
status, LSWS running: 1
Tue Jul 14 04:55:14 EDT 2026
status, LSWS running: 1
Tue Jul 14 04:56:14 EDT 2026
status, LSWS running: 1
Tue Jul 14 04:57:14 EDT 2026
status, LSWS running: 1
Tue Jul 14 04:58:14 EDT 2026
status, LSWS running: 1
Tue Jul 14 04:59:14 EDT 2026
status, LSWS running: 1
Tue Jul 14 05:00:15 EDT 2026
status, LSWS running: 1
Tue Jul 14 05:01:15 EDT 2026
status, LSWS running: 1
Tue Jul 14 05:02:15 EDT 2026
status, LSWS running: 1
Tue Jul 14 05:03:15 EDT 2026
status, LSWS running: 1
Tue Jul 14 05:04:15 EDT 2026
status, LSWS running: 1
Tue Jul 14 05:05:15 EDT 2026
status, LSWS running: 1
Tue Jul 14 05:06:15 EDT 2026
status, LSWS running: 1
Tue Jul 14 05:07:15 EDT 2026
status, LSWS running: 1
Tue Jul 14 05:08:15 EDT 2026
status, LSWS running: 1
Tue Jul 14 05:09:15 EDT 2026
status, LSWS running: 1
Tue Jul 14 05:10:15 EDT 2026
status, LSWS running: 1
Tue Jul 14 05:11:15 EDT 2026
status, LSWS running: 1
Tue Jul 14 05:12:15 EDT 2026
status, LSWS running: 1
Tue Jul 14 05:13:15 EDT 2026
status, LSWS running: 1
Tue Jul 14 05:14:15 EDT 2026
status, LSWS running: 1
Tue Jul 14 05:15:15 EDT 2026
status, LSWS running: 1
Tue Jul 14 05:16:15 EDT 2026
status, LSWS running: 1
Tue Jul 14 05:17:15 EDT 2026
status, LSWS running: 1
Tue Jul 14 05:18:15 EDT 2026
status, LSWS running: 1
Tue Jul 14 05:19:15 EDT 2026
status, LSWS running: 1
Tue Jul 14 05:20:15 EDT 2026
status, LSWS running: 1
Tue Jul 14 05:21:15 EDT 2026
status, LSWS running: 1
Tue Jul 14 05:22:15 EDT 2026
status, LSWS running: 1
Tue Jul 14 05:23:15 EDT 2026
status, LSWS running: 1
Tue Jul 14 05:24:15 EDT 2026
status, LSWS running: 1
Tue Jul 14 05:25:15 EDT 2026
status, LSWS running: 1
Tue Jul 14 05:26:15 EDT 2026
status, LSWS running: 1
Tue Jul 14 05:27:15 EDT 2026
status, LSWS running: 1
Tue Jul 14 05:28:15 EDT 2026
status, LSWS running: 1
Tue Jul 14 05:29:15 EDT 2026
status, LSWS running: 1
Tue Jul 14 05:30:15 EDT 2026
status, LSWS running: 1
Tue Jul 14 05:31:15 EDT 2026
status, LSWS running: 1
Tue Jul 14 05:32:15 EDT 2026
status, LSWS running: 1
Tue Jul 14 05:33:15 EDT 2026
status, LSWS running: 1
Tue Jul 14 05:34:15 EDT 2026
status, LSWS running: 1
Tue Jul 14 05:35:15 EDT 2026
status, LSWS running: 1
Tue Jul 14 05:36:15 EDT 2026
status, LSWS running: 1
Tue Jul 14 05:37:15 EDT 2026
status, LSWS running: 1
Tue Jul 14 05:38:15 EDT 2026
status, LSWS running: 1
Tue Jul 14 05:39:15 EDT 2026
status, LSWS running: 1
Tue Jul 14 05:40:15 EDT 2026
status, LSWS running: 1
Tue Jul 14 05:41:15 EDT 2026
status, LSWS running: 1
Tue Jul 14 05:42:15 EDT 2026
status, LSWS running: 1
Tue Jul 14 05:43:15 EDT 2026
status, LSWS running: 1
Tue Jul 14 05:44:15 EDT 2026
status, LSWS running: 1
Tue Jul 14 05:45:15 EDT 2026
status, LSWS running: 1
Tue Jul 14 05:46:15 EDT 2026
status, LSWS running: 1
Tue Jul 14 05:47:15 EDT 2026
status, LSWS running: 1
Tue Jul 14 05:48:15 EDT 2026
status, LSWS running: 1
Tue Jul 14 05:49:15 EDT 2026
status, LSWS running: 1
Tue Jul 14 05:50:15 EDT 2026
status, LSWS running: 1
Tue Jul 14 05:51:15 EDT 2026
status, LSWS running: 1
Tue Jul 14 05:52:15 EDT 2026
status, LSWS running: 1
Tue Jul 14 05:53:15 EDT 2026
status, LSWS running: 1
Tue Jul 14 05:54:15 EDT 2026
status, LSWS running: 1
Tue Jul 14 05:55:15 EDT 2026
status, LSWS running: 1
Tue Jul 14 05:56:15 EDT 2026
status, LSWS running: 1
Tue Jul 14 05:57:15 EDT 2026
status, LSWS running: 1
Tue Jul 14 05:58:15 EDT 2026
status, LSWS running: 1
Tue Jul 14 05:59:15 EDT 2026
status, LSWS running: 1
Tue Jul 14 06:00:15 EDT 2026
status, LSWS running: 1
Tue Jul 14 06:01:15 EDT 2026
status, LSWS running: 1
Tue Jul 14 06:02:15 EDT 2026
status, LSWS running: 1
Tue Jul 14 06:03:15 EDT 2026
status, LSWS running: 1
Tue Jul 14 06:04:15 EDT 2026
status, LSWS running: 1
Tue Jul 14 06:05:15 EDT 2026
status, LSWS running: 1
Tue Jul 14 06:06:15 EDT 2026
status, LSWS running: 1
Tue Jul 14 06:07:15 EDT 2026
status, LSWS running: 1
Tue Jul 14 06:08:15 EDT 2026
status, LSWS running: 1
Tue Jul 14 06:09:15 EDT 2026
status, LSWS running: 1
Tue Jul 14 06:10:15 EDT 2026
status, LSWS running: 1
Tue Jul 14 06:11:15 EDT 2026
status, LSWS running: 1
Tue Jul 14 06:12:15 EDT 2026
status, LSWS running: 1
Tue Jul 14 06:13:15 EDT 2026
status, LSWS running: 1
Tue Jul 14 06:14:15 EDT 2026
status, LSWS running: 1
Tue Jul 14 06:15:15 EDT 2026
status, LSWS running: 1
Tue Jul 14 06:16:16 EDT 2026
status, LSWS running: 1
Tue Jul 14 06:17:16 EDT 2026
status, LSWS running: 1
Tue Jul 14 06:18:16 EDT 2026
status, LSWS running: 1
Tue Jul 14 06:19:16 EDT 2026
status, LSWS running: 1
Tue Jul 14 06:20:16 EDT 2026
status, LSWS running: 1
Tue Jul 14 06:21:16 EDT 2026
status, LSWS running: 1
Tue Jul 14 06:22:16 EDT 2026
status, LSWS running: 1
Tue Jul 14 06:23:16 EDT 2026
status, LSWS running: 1
Tue Jul 14 06:24:16 EDT 2026
status, LSWS running: 1
Tue Jul 14 06:25:16 EDT 2026
status, LSWS running: 1
Tue Jul 14 06:26:16 EDT 2026
status, LSWS running: 1
Tue Jul 14 06:27:16 EDT 2026
status, LSWS running: 1
Tue Jul 14 06:28:16 EDT 2026
status, LSWS running: 1
Tue Jul 14 06:29:16 EDT 2026
status, LSWS running: 1
Tue Jul 14 06:30:16 EDT 2026
status, LSWS running: 1
Tue Jul 14 06:31:16 EDT 2026
status, LSWS running: 1
Tue Jul 14 06:32:16 EDT 2026
status, LSWS running: 1
Tue Jul 14 06:33:16 EDT 2026
status, LSWS running: 1
Tue Jul 14 06:34:16 EDT 2026
status, LSWS running: 1
Tue Jul 14 06:35:16 EDT 2026
status, LSWS running: 1
Tue Jul 14 06:36:16 EDT 2026
status, LSWS running: 1
Tue Jul 14 06:37:16 EDT 2026
status, LSWS running: 1
Tue Jul 14 06:38:16 EDT 2026
status, LSWS running: 1
Tue Jul 14 06:39:16 EDT 2026
status, LSWS running: 1
Tue Jul 14 06:40:16 EDT 2026
status, LSWS running: 1
Tue Jul 14 06:41:16 EDT 2026
status, LSWS running: 1
Tue Jul 14 06:42:16 EDT 2026
status, LSWS running: 1
Tue Jul 14 06:43:16 EDT 2026
status, LSWS running: 1
Tue Jul 14 06:44:16 EDT 2026
status, LSWS running: 1
Tue Jul 14 06:45:16 EDT 2026
status, LSWS running: 1
Tue Jul 14 06:46:16 EDT 2026
status, LSWS running: 1
Tue Jul 14 06:47:16 EDT 2026
status, LSWS running: 1
Tue Jul 14 06:48:16 EDT 2026
status, LSWS running: 1
Tue Jul 14 06:49:16 EDT 2026
status, LSWS running: 1
Tue Jul 14 06:50:16 EDT 2026
status, LSWS running: 1
Tue Jul 14 06:51:16 EDT 2026
status, LSWS running: 1
Tue Jul 14 06:52:16 EDT 2026
status, LSWS running: 1
Tue Jul 14 06:53:16 EDT 2026
status, LSWS running: 1
Tue Jul 14 06:54:16 EDT 2026
status, LSWS running: 1
Tue Jul 14 06:55:16 EDT 2026
status, LSWS running: 1
Tue Jul 14 06:56:16 EDT 2026
status, LSWS running: 1
Tue Jul 14 06:57:16 EDT 2026
status, LSWS running: 1
Tue Jul 14 06:58:16 EDT 2026
status, LSWS running: 1
Tue Jul 14 06:59:16 EDT 2026
status, LSWS running: 1
Tue Jul 14 07:00:16 EDT 2026
status, LSWS running: 1
Tue Jul 14 07:01:16 EDT 2026
status, LSWS running: 1
Tue Jul 14 07:02:16 EDT 2026
status, LSWS running: 1
Tue Jul 14 07:03:16 EDT 2026
status, LSWS running: 1
Tue Jul 14 07:04:16 EDT 2026
status, LSWS running: 1
Tue Jul 14 07:05:16 EDT 2026
status, LSWS running: 1
Tue Jul 14 07:06:16 EDT 2026
status, LSWS running: 1
Tue Jul 14 07:07:16 EDT 2026
status, LSWS running: 1
Tue Jul 14 07:08:16 EDT 2026
status, LSWS running: 1
Tue Jul 14 07:09:16 EDT 2026
status, LSWS running: 1
Tue Jul 14 07:10:16 EDT 2026
status, LSWS running: 1
Tue Jul 14 07:11:16 EDT 2026
status, LSWS running: 1
Tue Jul 14 07:12:16 EDT 2026
status, LSWS running: 1
Tue Jul 14 07:13:16 EDT 2026
status, LSWS running: 1
Tue Jul 14 07:14:16 EDT 2026
status, LSWS running: 1
Tue Jul 14 07:15:16 EDT 2026
status, LSWS running: 1
Tue Jul 14 07:16:16 EDT 2026
status, LSWS running: 1
Tue Jul 14 07:17:16 EDT 2026
status, LSWS running: 1
Tue Jul 14 07:18:16 EDT 2026
status, LSWS running: 1
Tue Jul 14 07:19:16 EDT 2026
status, LSWS running: 1
Tue Jul 14 07:20:16 EDT 2026
status, LSWS running: 1
Tue Jul 14 07:21:16 EDT 2026
status, LSWS running: 1
Tue Jul 14 07:22:16 EDT 2026
status, LSWS running: 1
Tue Jul 14 07:23:16 EDT 2026
status, LSWS running: 1
Tue Jul 14 07:24:16 EDT 2026
status, LSWS running: 1
Tue Jul 14 07:25:16 EDT 2026
status, LSWS running: 1
Tue Jul 14 07:26:16 EDT 2026
status, LSWS running: 1
Tue Jul 14 07:27:16 EDT 2026
status, LSWS running: 1
Tue Jul 14 07:28:16 EDT 2026
status, LSWS running: 1
Tue Jul 14 07:29:17 EDT 2026
status, LSWS running: 1
Tue Jul 14 07:30:16 EDT 2026
status, LSWS running: 1
Tue Jul 14 07:31:17 EDT 2026
status, LSWS running: 1
Tue Jul 14 07:32:17 EDT 2026
status, LSWS running: 1
Tue Jul 14 07:33:17 EDT 2026
status, LSWS running: 1
Tue Jul 14 07:34:17 EDT 2026
status, LSWS running: 1
Tue Jul 14 07:35:17 EDT 2026
status, LSWS running: 1
Tue Jul 14 07:36:17 EDT 2026
status, LSWS running: 1
Tue Jul 14 07:37:17 EDT 2026
status, LSWS running: 1
Tue Jul 14 07:38:17 EDT 2026
status, LSWS running: 1
Tue Jul 14 07:39:17 EDT 2026
status, LSWS running: 1
Tue Jul 14 07:40:17 EDT 2026
status, LSWS running: 1
Tue Jul 14 07:41:17 EDT 2026
status, LSWS running: 1
Tue Jul 14 07:42:17 EDT 2026
status, LSWS running: 1
Tue Jul 14 07:43:17 EDT 2026
status, LSWS running: 1
Tue Jul 14 07:44:17 EDT 2026
status, LSWS running: 1
Tue Jul 14 07:45:17 EDT 2026
status, LSWS running: 1
Tue Jul 14 07:46:17 EDT 2026
status, LSWS running: 1
Tue Jul 14 07:47:17 EDT 2026
status, LSWS running: 1
Tue Jul 14 07:48:17 EDT 2026
status, LSWS running: 1
Tue Jul 14 07:49:17 EDT 2026
status, LSWS running: 1
Tue Jul 14 07:50:17 EDT 2026
status, LSWS running: 1
Tue Jul 14 07:51:17 EDT 2026
status, LSWS running: 1
Tue Jul 14 07:52:17 EDT 2026
status, LSWS running: 1
Tue Jul 14 07:53:17 EDT 2026
status, LSWS running: 1
Tue Jul 14 07:54:17 EDT 2026
status, LSWS running: 1
Tue Jul 14 07:55:17 EDT 2026
status, LSWS running: 1
Tue Jul 14 07:56:17 EDT 2026
status, LSWS running: 1
Tue Jul 14 07:57:17 EDT 2026
status, LSWS running: 1
Tue Jul 14 07:58:17 EDT 2026
status, LSWS running: 1
Tue Jul 14 07:59:17 EDT 2026
status, LSWS running: 1
Tue Jul 14 08:00:17 EDT 2026
status, LSWS running: 1
Tue Jul 14 08:01:17 EDT 2026
status, LSWS running: 1
Tue Jul 14 08:02:17 EDT 2026
status, LSWS running: 1
Tue Jul 14 08:03:17 EDT 2026
status, LSWS running: 1
Tue Jul 14 08:04:17 EDT 2026
status, LSWS running: 1
Tue Jul 14 08:05:17 EDT 2026
status, LSWS running: 1
Tue Jul 14 08:06:17 EDT 2026
status, LSWS running: 1
Tue Jul 14 08:07:17 EDT 2026
status, LSWS running: 1
Tue Jul 14 08:08:17 EDT 2026
status, LSWS running: 1
Tue Jul 14 08:09:17 EDT 2026
status, LSWS running: 1
Tue Jul 14 08:10:17 EDT 2026
status, LSWS running: 1
Tue Jul 14 08:11:17 EDT 2026
status, LSWS running: 1
Tue Jul 14 08:12:17 EDT 2026
status, LSWS running: 1
Tue Jul 14 08:13:17 EDT 2026
status, LSWS running: 1
Tue Jul 14 08:14:17 EDT 2026
status, LSWS running: 1
Tue Jul 14 08:15:17 EDT 2026
status, LSWS running: 1
Tue Jul 14 08:16:17 EDT 2026
status, LSWS running: 1
Tue Jul 14 08:17:17 EDT 2026
status, LSWS running: 1
Tue Jul 14 08:18:17 EDT 2026
status, LSWS running: 1
Tue Jul 14 08:19:17 EDT 2026
status, LSWS running: 1
Tue Jul 14 08:20:17 EDT 2026
status, LSWS running: 1
Tue Jul 14 08:21:17 EDT 2026
status, LSWS running: 1
Tue Jul 14 08:22:17 EDT 2026
status, LSWS running: 1
Tue Jul 14 08:23:17 EDT 2026
status, LSWS running: 1
Tue Jul 14 08:24:17 EDT 2026
status, LSWS running: 1
Tue Jul 14 08:25:17 EDT 2026
status, LSWS running: 1
Tue Jul 14 08:26:17 EDT 2026
status, LSWS running: 1
Tue Jul 14 08:27:17 EDT 2026
status, LSWS running: 1
Tue Jul 14 08:28:17 EDT 2026
status, LSWS running: 1
Tue Jul 14 08:29:17 EDT 2026
status, LSWS running: 1
Tue Jul 14 08:30:17 EDT 2026
status, LSWS running: 1
Tue Jul 14 08:31:17 EDT 2026
status, LSWS running: 1
Tue Jul 14 08:32:17 EDT 2026
status, LSWS running: 1
Tue Jul 14 08:33:17 EDT 2026
status, LSWS running: 1
Tue Jul 14 08:34:17 EDT 2026
status, LSWS running: 1
Tue Jul 14 08:35:17 EDT 2026
status, LSWS running: 1
Tue Jul 14 08:36:17 EDT 2026
status, LSWS running: 1
Tue Jul 14 08:37:17 EDT 2026
status, LSWS running: 1
Tue Jul 14 08:38:17 EDT 2026
status, LSWS running: 1
Tue Jul 14 08:39:17 EDT 2026
status, LSWS running: 1
Tue Jul 14 08:40:17 EDT 2026
status, LSWS running: 1
Tue Jul 14 08:41:17 EDT 2026
status, LSWS running: 1
Tue Jul 14 08:42:17 EDT 2026
status, LSWS running: 1
Tue Jul 14 08:43:17 EDT 2026
status, LSWS running: 1
Tue Jul 14 08:44:17 EDT 2026
status, LSWS running: 1
Tue Jul 14 08:45:17 EDT 2026
status, LSWS running: 1
Tue Jul 14 08:46:17 EDT 2026
status, LSWS running: 1
Tue Jul 14 08:47:17 EDT 2026
status, LSWS running: 1
Tue Jul 14 08:48:17 EDT 2026
status, LSWS running: 1
Tue Jul 14 08:49:17 EDT 2026
status, LSWS running: 1
Tue Jul 14 08:50:17 EDT 2026
status, LSWS running: 1
Tue Jul 14 08:51:17 EDT 2026
status, LSWS running: 1
Tue Jul 14 08:52:18 EDT 2026
status, LSWS running: 1
Tue Jul 14 08:53:18 EDT 2026
status, LSWS running: 1
Tue Jul 14 08:54:18 EDT 2026
status, LSWS running: 1
Tue Jul 14 08:55:18 EDT 2026
status, LSWS running: 1
Tue Jul 14 08:56:18 EDT 2026
status, LSWS running: 1
Tue Jul 14 08:57:18 EDT 2026
status, LSWS running: 1
Tue Jul 14 08:58:18 EDT 2026
status, LSWS running: 1
Tue Jul 14 08:59:18 EDT 2026
status, LSWS running: 1
Tue Jul 14 09:00:18 EDT 2026
status, LSWS running: 1
Tue Jul 14 09:01:18 EDT 2026
status, LSWS running: 1
Tue Jul 14 09:02:18 EDT 2026
status, LSWS running: 1
Tue Jul 14 09:03:18 EDT 2026
status, LSWS running: 1
Tue Jul 14 09:04:18 EDT 2026
status, LSWS running: 1
Tue Jul 14 09:05:18 EDT 2026
status, LSWS running: 1
Tue Jul 14 09:06:18 EDT 2026
status, LSWS running: 1
Tue Jul 14 09:07:18 EDT 2026
status, LSWS running: 1
Tue Jul 14 09:08:18 EDT 2026
status, LSWS running: 1
Tue Jul 14 09:09:18 EDT 2026
status, LSWS running: 1
Tue Jul 14 09:10:18 EDT 2026
status, LSWS running: 1
Tue Jul 14 09:11:18 EDT 2026
status, LSWS running: 1
Tue Jul 14 09:12:18 EDT 2026
status, LSWS running: 1
Tue Jul 14 09:13:18 EDT 2026
status, LSWS running: 1
Tue Jul 14 09:14:18 EDT 2026
status, LSWS running: 1
Tue Jul 14 09:15:18 EDT 2026
status, LSWS running: 1
Tue Jul 14 09:16:18 EDT 2026
status, LSWS running: 1
Tue Jul 14 09:17:18 EDT 2026
status, LSWS running: 1
Tue Jul 14 09:18:18 EDT 2026
status, LSWS running: 1
Tue Jul 14 09:19:18 EDT 2026
status, LSWS running: 1
Tue Jul 14 09:20:18 EDT 2026
status, LSWS running: 1
Tue Jul 14 09:21:18 EDT 2026
status, LSWS running: 1
Tue Jul 14 09:22:18 EDT 2026
status, LSWS running: 1
Tue Jul 14 09:23:18 EDT 2026
status, LSWS running: 1
Tue Jul 14 09:24:18 EDT 2026
status, LSWS running: 1
Tue Jul 14 09:25:18 EDT 2026
status, LSWS running: 1
Tue Jul 14 09:26:18 EDT 2026
status, LSWS running: 1
Tue Jul 14 09:27:18 EDT 2026
status, LSWS running: 1
Tue Jul 14 09:28:18 EDT 2026
status, LSWS running: 1
Tue Jul 14 09:29:18 EDT 2026
status, LSWS running: 1
Tue Jul 14 09:30:18 EDT 2026
status, LSWS running: 1
Tue Jul 14 09:31:18 EDT 2026
status, LSWS running: 1
Tue Jul 14 09:32:18 EDT 2026
status, LSWS running: 1
Tue Jul 14 09:33:18 EDT 2026
status, LSWS running: 1
Tue Jul 14 09:34:18 EDT 2026
status, LSWS running: 1
Tue Jul 14 09:35:18 EDT 2026
status, LSWS running: 1
Tue Jul 14 09:36:18 EDT 2026
status, LSWS running: 1
Tue Jul 14 09:37:18 EDT 2026
status, LSWS running: 1
Tue Jul 14 09:38:18 EDT 2026
status, LSWS running: 1
Tue Jul 14 09:39:18 EDT 2026
status, LSWS running: 1
Tue Jul 14 09:40:18 EDT 2026
status, LSWS running: 1
Tue Jul 14 09:41:18 EDT 2026
status, LSWS running: 1
Tue Jul 14 09:42:18 EDT 2026
status, LSWS running: 1
Tue Jul 14 09:43:18 EDT 2026
status, LSWS running: 1
Tue Jul 14 09:44:18 EDT 2026
status, LSWS running: 1
Tue Jul 14 09:45:18 EDT 2026
status, LSWS running: 1
Tue Jul 14 09:46:18 EDT 2026
status, LSWS running: 1
Tue Jul 14 09:47:18 EDT 2026
status, LSWS running: 1
Tue Jul 14 09:48:18 EDT 2026
status, LSWS running: 1
Tue Jul 14 09:49:18 EDT 2026
status, LSWS running: 1
Tue Jul 14 09:50:18 EDT 2026
status, LSWS running: 1
Tue Jul 14 09:51:18 EDT 2026
status, LSWS running: 1
Tue Jul 14 09:52:18 EDT 2026
status, LSWS running: 1
Tue Jul 14 09:53:18 EDT 2026
status, LSWS running: 1
Tue Jul 14 09:54:18 EDT 2026
status, LSWS running: 1
Tue Jul 14 09:55:18 EDT 2026
status, LSWS running: 1
Tue Jul 14 09:56:18 EDT 2026
status, LSWS running: 1
Tue Jul 14 09:57:18 EDT 2026
status, LSWS running: 1
Tue Jul 14 09:58:19 EDT 2026
status, LSWS running: 1
Tue Jul 14 09:59:19 EDT 2026
status, LSWS running: 1
Tue Jul 14 10:00:19 EDT 2026
status, LSWS running: 1
Tue Jul 14 10:01:19 EDT 2026
status, LSWS running: 1
Tue Jul 14 10:02:18 EDT 2026
status, LSWS running: 1
Tue Jul 14 10:03:19 EDT 2026
status, LSWS running: 1
Tue Jul 14 10:04:19 EDT 2026
status, LSWS running: 1
Tue Jul 14 10:05:19 EDT 2026
status, LSWS running: 1
Tue Jul 14 10:06:19 EDT 2026
status, LSWS running: 1
Tue Jul 14 10:07:19 EDT 2026
status, LSWS running: 1
Tue Jul 14 10:08:19 EDT 2026
status, LSWS running: 1
Tue Jul 14 10:09:19 EDT 2026
status, LSWS running: 1
Tue Jul 14 10:10:19 EDT 2026
status, LSWS running: 1
Tue Jul 14 10:11:19 EDT 2026
status, LSWS running: 1
Tue Jul 14 10:12:19 EDT 2026
status, LSWS running: 1
Tue Jul 14 10:13:19 EDT 2026
status, LSWS running: 1
Tue Jul 14 10:14:19 EDT 2026
status, LSWS running: 1
Tue Jul 14 10:15:19 EDT 2026
status, LSWS running: 1
Tue Jul 14 10:16:19 EDT 2026
status, LSWS running: 1
Tue Jul 14 10:17:19 EDT 2026
status, LSWS running: 1
Tue Jul 14 10:18:19 EDT 2026
status, LSWS running: 1
Tue Jul 14 10:19:19 EDT 2026
status, LSWS running: 1
Tue Jul 14 10:20:19 EDT 2026
status, LSWS running: 1
Tue Jul 14 10:21:19 EDT 2026
status, LSWS running: 1
Tue Jul 14 10:22:19 EDT 2026
status, LSWS running: 1
Tue Jul 14 10:23:19 EDT 2026
status, LSWS running: 1
Tue Jul 14 10:24:19 EDT 2026
status, LSWS running: 1
Tue Jul 14 10:25:19 EDT 2026
status, LSWS running: 1
Tue Jul 14 10:26:19 EDT 2026
status, LSWS running: 1
Tue Jul 14 10:27:19 EDT 2026
status, LSWS running: 1
Tue Jul 14 10:28:19 EDT 2026
status, LSWS running: 1
Tue Jul 14 10:29:19 EDT 2026
status, LSWS running: 1
Tue Jul 14 10:30:19 EDT 2026
status, LSWS running: 1
Tue Jul 14 10:31:19 EDT 2026
status, LSWS running: 1
Tue Jul 14 10:32:19 EDT 2026
status, LSWS running: 1
Tue Jul 14 10:33:19 EDT 2026
status, LSWS running: 1
Tue Jul 14 10:34:19 EDT 2026
status, LSWS running: 1
Tue Jul 14 10:35:19 EDT 2026
status, LSWS running: 1
Tue Jul 14 10:36:19 EDT 2026
status, LSWS running: 1
Tue Jul 14 10:37:19 EDT 2026
status, LSWS running: 1
Tue Jul 14 10:38:19 EDT 2026
status, LSWS running: 1
Tue Jul 14 10:39:19 EDT 2026
status, LSWS running: 1
Tue Jul 14 10:40:19 EDT 2026
status, LSWS running: 1
Tue Jul 14 10:41:19 EDT 2026
status, LSWS running: 1
Tue Jul 14 10:42:19 EDT 2026
status, LSWS running: 1
Tue Jul 14 10:43:19 EDT 2026
status, LSWS running: 1
Tue Jul 14 10:44:19 EDT 2026
status, LSWS running: 1
Tue Jul 14 10:45:19 EDT 2026
status, LSWS running: 1
Tue Jul 14 10:46:19 EDT 2026
status, LSWS running: 1
Tue Jul 14 10:47:19 EDT 2026
status, LSWS running: 1
Tue Jul 14 10:48:19 EDT 2026
status, LSWS running: 1
Tue Jul 14 10:49:19 EDT 2026
status, LSWS running: 1
Tue Jul 14 10:50:19 EDT 2026
status, LSWS running: 1
Tue Jul 14 10:51:19 EDT 2026
status, LSWS running: 1
Tue Jul 14 10:52:19 EDT 2026
status, LSWS running: 1
Tue Jul 14 10:53:19 EDT 2026
status, LSWS running: 1
Tue Jul 14 10:54:19 EDT 2026
status, LSWS running: 1
Tue Jul 14 10:55:19 EDT 2026
status, LSWS running: 1
Tue Jul 14 10:56:19 EDT 2026
status, LSWS running: 1
Tue Jul 14 10:57:19 EDT 2026
status, LSWS running: 1
Tue Jul 14 10:58:19 EDT 2026
status, LSWS running: 1
Tue Jul 14 10:59:19 EDT 2026
status, LSWS running: 1
Tue Jul 14 11:00:19 EDT 2026
status, LSWS running: 1
Tue Jul 14 11:01:19 EDT 2026
status, LSWS running: 1
Tue Jul 14 11:02:19 EDT 2026
status, LSWS running: 1
Tue Jul 14 11:03:19 EDT 2026
status, LSWS running: 1
Tue Jul 14 11:04:19 EDT 2026
status, LSWS running: 1
Tue Jul 14 11:05:19 EDT 2026
status, LSWS running: 1
Tue Jul 14 11:06:19 EDT 2026
status, LSWS running: 1
Tue Jul 14 11:07:19 EDT 2026
status, LSWS running: 1
Tue Jul 14 11:08:19 EDT 2026
status, LSWS running: 1
Tue Jul 14 11:09:19 EDT 2026
status, LSWS running: 1
Tue Jul 14 11:10:19 EDT 2026
status, LSWS running: 1
Tue Jul 14 11:11:19 EDT 2026
status, LSWS running: 1
Tue Jul 14 11:12:19 EDT 2026
status, LSWS running: 1
Tue Jul 14 11:13:19 EDT 2026
status, LSWS running: 1
Tue Jul 14 11:14:19 EDT 2026
status, LSWS running: 1
Tue Jul 14 11:15:19 EDT 2026
status, LSWS running: 1
Tue Jul 14 11:16:19 EDT 2026
status, LSWS running: 1
Tue Jul 14 11:17:19 EDT 2026
status, LSWS running: 1
Tue Jul 14 11:18:19 EDT 2026
status, LSWS running: 1
Tue Jul 14 11:19:19 EDT 2026
status, LSWS running: 1
Tue Jul 14 11:20:19 EDT 2026
status, LSWS running: 1
Tue Jul 14 11:21:19 EDT 2026
status, LSWS running: 1
Tue Jul 14 11:22:19 EDT 2026
status, LSWS running: 1
Tue Jul 14 11:23:19 EDT 2026
status, LSWS running: 1
Tue Jul 14 11:24:19 EDT 2026
status, LSWS running: 1
Tue Jul 14 11:25:19 EDT 2026
status, LSWS running: 1
Tue Jul 14 11:26:19 EDT 2026
status, LSWS running: 1
Tue Jul 14 11:27:19 EDT 2026
status, LSWS running: 1
Tue Jul 14 11:28:19 EDT 2026
status, LSWS running: 1
Tue Jul 14 11:29:19 EDT 2026
status, LSWS running: 1
Tue Jul 14 11:30:19 EDT 2026
status, LSWS running: 1
Tue Jul 14 11:31:20 EDT 2026
status, LSWS running: 1
Tue Jul 14 11:32:20 EDT 2026
status, LSWS running: 1
Tue Jul 14 11:33:20 EDT 2026
status, LSWS running: 1
Tue Jul 14 11:34:20 EDT 2026
status, LSWS running: 1
Tue Jul 14 11:35:20 EDT 2026
status, LSWS running: 1
Tue Jul 14 11:36:20 EDT 2026
status, LSWS running: 1
Tue Jul 14 11:37:20 EDT 2026
status, LSWS running: 1
Tue Jul 14 11:38:20 EDT 2026
status, LSWS running: 1
Tue Jul 14 11:39:20 EDT 2026
status, LSWS running: 1
Tue Jul 14 11:40:20 EDT 2026
status, LSWS running: 1
Tue Jul 14 11:41:20 EDT 2026
status, LSWS running: 1
Tue Jul 14 11:42:20 EDT 2026
status, LSWS running: 1
Tue Jul 14 11:43:20 EDT 2026
status, LSWS running: 1
Tue Jul 14 11:44:20 EDT 2026
status, LSWS running: 1
Tue Jul 14 11:45:20 EDT 2026
status, LSWS running: 1
Tue Jul 14 11:46:20 EDT 2026
status, LSWS running: 1
Tue Jul 14 11:47:20 EDT 2026
status, LSWS running: 1
Tue Jul 14 11:48:20 EDT 2026
status, LSWS running: 1
Tue Jul 14 11:49:20 EDT 2026
status, LSWS running: 1
Tue Jul 14 11:50:20 EDT 2026
status, LSWS running: 1
Tue Jul 14 11:51:20 EDT 2026
status, LSWS running: 1
Tue Jul 14 11:52:20 EDT 2026
status, LSWS running: 1
Tue Jul 14 11:53:20 EDT 2026
status, LSWS running: 1
Tue Jul 14 11:54:20 EDT 2026
status, LSWS running: 1
Tue Jul 14 11:55:20 EDT 2026
status, LSWS running: 1
Tue Jul 14 11:56:20 EDT 2026
status, LSWS running: 1
Tue Jul 14 11:57:20 EDT 2026
status, LSWS running: 1
Tue Jul 14 11:58:20 EDT 2026
status, LSWS running: 1
Tue Jul 14 11:59:20 EDT 2026
status, LSWS running: 1
Tue Jul 14 12:00:20 EDT 2026
status, LSWS running: 1
Tue Jul 14 12:01:20 EDT 2026
status, LSWS running: 1
Tue Jul 14 12:02:20 EDT 2026
status, LSWS running: 1
Tue Jul 14 12:03:20 EDT 2026
status, LSWS running: 1
Tue Jul 14 12:04:20 EDT 2026
status, LSWS running: 1
Tue Jul 14 12:05:20 EDT 2026
status, LSWS running: 1
Tue Jul 14 12:06:20 EDT 2026
status, LSWS running: 1
Tue Jul 14 12:07:20 EDT 2026
status, LSWS running: 1
Tue Jul 14 12:08:20 EDT 2026
status, LSWS running: 1
Tue Jul 14 12:09:20 EDT 2026
status, LSWS running: 1
Tue Jul 14 12:10:20 EDT 2026
status, LSWS running: 1
Tue Jul 14 12:11:20 EDT 2026
status, LSWS running: 1
Tue Jul 14 12:12:20 EDT 2026
status, LSWS running: 1
Tue Jul 14 12:13:20 EDT 2026
status, LSWS running: 1
Tue Jul 14 12:14:20 EDT 2026
status, LSWS running: 1
Tue Jul 14 12:15:20 EDT 2026
status, LSWS running: 1
Tue Jul 14 12:16:20 EDT 2026
status, LSWS running: 1
Tue Jul 14 12:17:20 EDT 2026
status, LSWS running: 1
Tue Jul 14 12:18:20 EDT 2026
status, LSWS running: 1
Tue Jul 14 12:19:20 EDT 2026
status, LSWS running: 1
Tue Jul 14 12:20:20 EDT 2026
status, LSWS running: 1
Tue Jul 14 12:21:20 EDT 2026
status, LSWS running: 1
Tue Jul 14 12:22:20 EDT 2026
status, LSWS running: 1
Tue Jul 14 12:23:20 EDT 2026
status, LSWS running: 1
Tue Jul 14 12:24:20 EDT 2026
status, LSWS running: 1
Tue Jul 14 12:25:20 EDT 2026
status, LSWS running: 1
Tue Jul 14 12:26:20 EDT 2026
status, LSWS running: 1
Tue Jul 14 12:27:20 EDT 2026
status, LSWS running: 1
Tue Jul 14 12:28:20 EDT 2026
status, LSWS running: 1
Tue Jul 14 12:29:20 EDT 2026
status, LSWS running: 1
Tue Jul 14 12:30:20 EDT 2026
status, LSWS running: 1
Tue Jul 14 12:31:20 EDT 2026
status, LSWS running: 1
Tue Jul 14 12:32:20 EDT 2026
status, LSWS running: 1
Tue Jul 14 12:33:20 EDT 2026
status, LSWS running: 1
Tue Jul 14 12:34:20 EDT 2026
status, LSWS running: 1
Tue Jul 14 12:35:20 EDT 2026
status, LSWS running: 1
Tue Jul 14 12:36:20 EDT 2026
status, LSWS running: 1
Tue Jul 14 12:37:20 EDT 2026
status, LSWS running: 1
Tue Jul 14 12:38:20 EDT 2026
status, LSWS running: 1
Tue Jul 14 12:39:20 EDT 2026
status, LSWS running: 1
Tue Jul 14 12:40:20 EDT 2026
status, LSWS running: 1
Tue Jul 14 12:41:20 EDT 2026
status, LSWS running: 1
Tue Jul 14 12:42:20 EDT 2026
status, LSWS running: 1
Tue Jul 14 12:43:20 EDT 2026
status, LSWS running: 1
Tue Jul 14 12:44:20 EDT 2026
status, LSWS running: 1
Tue Jul 14 12:45:20 EDT 2026
status, LSWS running: 1
Tue Jul 14 12:46:20 EDT 2026
status, LSWS running: 1
Tue Jul 14 12:47:20 EDT 2026
status, LSWS running: 1
Tue Jul 14 12:48:20 EDT 2026
status, LSWS running: 1
Tue Jul 14 12:49:20 EDT 2026
status, LSWS running: 1
Tue Jul 14 12:50:20 EDT 2026
status, LSWS running: 1
Tue Jul 14 12:51:20 EDT 2026
status, LSWS running: 1
Tue Jul 14 12:52:20 EDT 2026
status, LSWS running: 1
Tue Jul 14 12:53:20 EDT 2026
status, LSWS running: 1
Tue Jul 14 12:54:20 EDT 2026
status, LSWS running: 1
Tue Jul 14 12:55:20 EDT 2026
status, LSWS running: 1
Tue Jul 14 12:56:20 EDT 2026
status, LSWS running: 1
Tue Jul 14 12:57:20 EDT 2026
status, LSWS running: 1
Tue Jul 14 12:58:20 EDT 2026
status, LSWS running: 1
Tue Jul 14 12:59:20 EDT 2026
status, LSWS running: 1
Tue Jul 14 13:00:21 EDT 2026
status, LSWS running: 1
Tue Jul 14 13:01:21 EDT 2026
status, LSWS running: 1
Tue Jul 14 13:02:21 EDT 2026
status, LSWS running: 1
Tue Jul 14 13:03:21 EDT 2026
status, LSWS running: 1
Tue Jul 14 13:04:21 EDT 2026
status, LSWS running: 1
Tue Jul 14 13:05:21 EDT 2026
status, LSWS running: 1
Tue Jul 14 13:06:21 EDT 2026
status, LSWS running: 1
Tue Jul 14 13:07:21 EDT 2026
status, LSWS running: 1
Tue Jul 14 13:08:21 EDT 2026
status, LSWS running: 1
Tue Jul 14 13:09:21 EDT 2026
status, LSWS running: 1
Tue Jul 14 13:10:21 EDT 2026
status, LSWS running: 1
Tue Jul 14 13:11:21 EDT 2026
status, LSWS running: 1
Tue Jul 14 13:12:21 EDT 2026
status, LSWS running: 1
Tue Jul 14 13:13:21 EDT 2026
status, LSWS running: 1
Tue Jul 14 13:14:21 EDT 2026
status, LSWS running: 1
Tue Jul 14 13:15:21 EDT 2026
status, LSWS running: 1
Tue Jul 14 13:16:21 EDT 2026
status, LSWS running: 1
Tue Jul 14 13:17:21 EDT 2026
status, LSWS running: 1
Tue Jul 14 13:18:21 EDT 2026
status, LSWS running: 1
Tue Jul 14 13:19:21 EDT 2026
status, LSWS running: 1
Tue Jul 14 13:20:21 EDT 2026
status, LSWS running: 1
Tue Jul 14 13:21:21 EDT 2026
status, LSWS running: 1
Tue Jul 14 13:22:21 EDT 2026
status, LSWS running: 1
Tue Jul 14 13:23:21 EDT 2026
status, LSWS running: 1
Tue Jul 14 13:24:21 EDT 2026
status, LSWS running: 1
Tue Jul 14 13:25:21 EDT 2026
status, LSWS running: 1
Tue Jul 14 13:26:21 EDT 2026
status, LSWS running: 1
Tue Jul 14 13:27:21 EDT 2026
status, LSWS running: 1
Tue Jul 14 13:28:21 EDT 2026
status, LSWS running: 1
Tue Jul 14 13:29:21 EDT 2026
status, LSWS running: 1
Tue Jul 14 13:30:21 EDT 2026
status, LSWS running: 1
Tue Jul 14 13:31:21 EDT 2026
status, LSWS running: 1
Tue Jul 14 13:32:21 EDT 2026
status, LSWS running: 1
Tue Jul 14 13:33:21 EDT 2026
status, LSWS running: 1
Tue Jul 14 13:34:21 EDT 2026
status, LSWS running: 1
Tue Jul 14 13:35:21 EDT 2026
status, LSWS running: 1
Tue Jul 14 13:36:21 EDT 2026
status, LSWS running: 1
Tue Jul 14 13:37:21 EDT 2026
status, LSWS running: 1
Tue Jul 14 13:38:21 EDT 2026
status, LSWS running: 1
Tue Jul 14 13:39:21 EDT 2026
status, LSWS running: 1
Tue Jul 14 13:40:21 EDT 2026
status, LSWS running: 1
Tue Jul 14 13:41:21 EDT 2026
status, LSWS running: 1
Tue Jul 14 13:42:21 EDT 2026
status, LSWS running: 1
Tue Jul 14 13:43:21 EDT 2026
status, LSWS running: 1
Tue Jul 14 13:44:21 EDT 2026
status, LSWS running: 1
Tue Jul 14 13:45:21 EDT 2026
status, LSWS running: 1
Tue Jul 14 13:46:21 EDT 2026
status, LSWS running: 1
Tue Jul 14 13:47:21 EDT 2026
status, LSWS running: 1
Tue Jul 14 13:48:21 EDT 2026
status, LSWS running: 1
Tue Jul 14 13:49:21 EDT 2026
status, LSWS running: 1
Tue Jul 14 13:50:21 EDT 2026
status, LSWS running: 1
Tue Jul 14 13:51:21 EDT 2026
status, LSWS running: 1
Tue Jul 14 13:52:21 EDT 2026
status, LSWS running: 1
Tue Jul 14 13:53:21 EDT 2026
status, LSWS running: 1
Tue Jul 14 13:54:21 EDT 2026
status, LSWS running: 1
Tue Jul 14 13:55:21 EDT 2026
status, LSWS running: 1
Tue Jul 14 13:56:21 EDT 2026
status, LSWS running: 1
Tue Jul 14 13:57:21 EDT 2026
status, LSWS running: 1
Tue Jul 14 13:58:21 EDT 2026
status, LSWS running: 1
Tue Jul 14 13:59:21 EDT 2026
status, LSWS running: 1
Tue Jul 14 14:00:21 EDT 2026
status, LSWS running: 1
Tue Jul 14 14:01:21 EDT 2026
status, LSWS running: 1
Tue Jul 14 14:02:21 EDT 2026
status, LSWS running: 1
Tue Jul 14 14:03:21 EDT 2026
status, LSWS running: 1
Tue Jul 14 14:04:21 EDT 2026
status, LSWS running: 1
Tue Jul 14 14:05:21 EDT 2026
status, LSWS running: 1
Tue Jul 14 14:06:21 EDT 2026
status, LSWS running: 1
Tue Jul 14 14:07:21 EDT 2026
status, LSWS running: 1
Tue Jul 14 14:08:21 EDT 2026
status, LSWS running: 1
Tue Jul 14 14:09:21 EDT 2026
status, LSWS running: 1
Tue Jul 14 14:10:21 EDT 2026
status, LSWS running: 1
Tue Jul 14 14:11:21 EDT 2026
status, LSWS running: 1
Tue Jul 14 14:12:21 EDT 2026
status, LSWS running: 1
Tue Jul 14 14:13:21 EDT 2026
status, LSWS running: 1
Tue Jul 14 14:14:21 EDT 2026
status, LSWS running: 1
Tue Jul 14 14:15:21 EDT 2026
status, LSWS running: 1
Tue Jul 14 14:16:21 EDT 2026
status, LSWS running: 1
Tue Jul 14 14:17:21 EDT 2026
status, LSWS running: 1
Tue Jul 14 14:18:21 EDT 2026
status, LSWS running: 1
Tue Jul 14 14:19:21 EDT 2026
status, LSWS running: 1
Tue Jul 14 14:20:21 EDT 2026
status, LSWS running: 1
Tue Jul 14 14:21:21 EDT 2026
status, LSWS running: 1
Tue Jul 14 14:22:21 EDT 2026
status, LSWS running: 1
Tue Jul 14 14:23:22 EDT 2026
status, LSWS running: 1
Tue Jul 14 14:24:22 EDT 2026
status, LSWS running: 1
Tue Jul 14 14:25:22 EDT 2026
status, LSWS running: 1
Tue Jul 14 14:26:22 EDT 2026
status, LSWS running: 1
Tue Jul 14 14:27:22 EDT 2026
status, LSWS running: 1
Tue Jul 14 14:28:22 EDT 2026
status, LSWS running: 1
Tue Jul 14 14:29:22 EDT 2026
status, LSWS running: 1
Tue Jul 14 14:30:22 EDT 2026
status, LSWS running: 1
Tue Jul 14 14:31:22 EDT 2026
status, LSWS running: 1
Tue Jul 14 14:32:22 EDT 2026
status, LSWS running: 1
Tue Jul 14 14:33:22 EDT 2026
status, LSWS running: 1
Tue Jul 14 14:34:22 EDT 2026
status, LSWS running: 1
Tue Jul 14 14:35:22 EDT 2026
status, LSWS running: 1
Tue Jul 14 14:36:22 EDT 2026
status, LSWS running: 1
Tue Jul 14 14:37:22 EDT 2026
status, LSWS running: 1
Tue Jul 14 14:38:22 EDT 2026
status, LSWS running: 1
Tue Jul 14 14:39:22 EDT 2026
status, LSWS running: 1
Tue Jul 14 14:40:22 EDT 2026
status, LSWS running: 1
Tue Jul 14 14:41:22 EDT 2026
status, LSWS running: 1
Tue Jul 14 14:42:22 EDT 2026
status, LSWS running: 1
Tue Jul 14 14:43:22 EDT 2026
status, LSWS running: 1
Tue Jul 14 14:44:22 EDT 2026
status, LSWS running: 1
Tue Jul 14 14:45:22 EDT 2026
status, LSWS running: 1
Tue Jul 14 14:46:22 EDT 2026
status, LSWS running: 1
Tue Jul 14 14:47:22 EDT 2026
status, LSWS running: 1
Tue Jul 14 14:48:22 EDT 2026
status, LSWS running: 1
Tue Jul 14 14:49:22 EDT 2026
status, LSWS running: 1
Tue Jul 14 14:50:22 EDT 2026
status, LSWS running: 1
Tue Jul 14 14:51:22 EDT 2026
status, LSWS running: 1
Tue Jul 14 14:52:22 EDT 2026
status, LSWS running: 1
Tue Jul 14 14:53:22 EDT 2026
status, LSWS running: 1
Tue Jul 14 14:54:22 EDT 2026
status, LSWS running: 1
Tue Jul 14 14:55:22 EDT 2026
status, LSWS running: 1
Tue Jul 14 14:56:22 EDT 2026
status, LSWS running: 1
Tue Jul 14 14:57:22 EDT 2026
status, LSWS running: 1
Tue Jul 14 14:58:22 EDT 2026
status, LSWS running: 1
Tue Jul 14 14:59:22 EDT 2026
status, LSWS running: 1
Tue Jul 14 15:00:22 EDT 2026
status, LSWS running: 1
Tue Jul 14 15:01:22 EDT 2026
status, LSWS running: 1
Tue Jul 14 15:02:22 EDT 2026
status, LSWS running: 1
Tue Jul 14 15:03:22 EDT 2026
status, LSWS running: 1
Tue Jul 14 15:04:22 EDT 2026
status, LSWS running: 1
Tue Jul 14 15:05:22 EDT 2026
status, LSWS running: 1
Tue Jul 14 15:06:22 EDT 2026
status, LSWS running: 1
Tue Jul 14 15:07:22 EDT 2026
status, LSWS running: 1
Tue Jul 14 15:08:22 EDT 2026
status, LSWS running: 1
Tue Jul 14 15:09:22 EDT 2026
status, LSWS running: 1
Tue Jul 14 15:10:22 EDT 2026
status, LSWS running: 1
Tue Jul 14 15:11:22 EDT 2026
status, LSWS running: 1
Tue Jul 14 15:12:22 EDT 2026
status, LSWS running: 1
Tue Jul 14 15:13:22 EDT 2026
status, LSWS running: 1
Tue Jul 14 15:14:22 EDT 2026
status, LSWS running: 1
Tue Jul 14 15:15:22 EDT 2026
status, LSWS running: 1
Tue Jul 14 15:16:22 EDT 2026
status, LSWS running: 1
Tue Jul 14 15:17:22 EDT 2026
status, LSWS running: 1
Tue Jul 14 15:18:22 EDT 2026
status, LSWS running: 1
Tue Jul 14 15:19:22 EDT 2026
status, LSWS running: 1
Tue Jul 14 15:20:22 EDT 2026
status, LSWS running: 1
Tue Jul 14 15:21:22 EDT 2026
status, LSWS running: 1
Tue Jul 14 15:22:22 EDT 2026
status, LSWS running: 1
Tue Jul 14 15:23:22 EDT 2026
status, LSWS running: 1
Tue Jul 14 15:24:22 EDT 2026
status, LSWS running: 1
Tue Jul 14 15:25:22 EDT 2026
status, LSWS running: 1
Tue Jul 14 15:26:22 EDT 2026
status, LSWS running: 1
Tue Jul 14 15:27:22 EDT 2026
status, LSWS running: 1
Tue Jul 14 15:28:22 EDT 2026
status, LSWS running: 1
Tue Jul 14 15:29:22 EDT 2026
status, LSWS running: 1
Tue Jul 14 15:30:23 EDT 2026
status, LSWS running: 1
Tue Jul 14 15:31:23 EDT 2026
status, LSWS running: 1
Tue Jul 14 15:32:23 EDT 2026
status, LSWS running: 1
Tue Jul 14 15:33:23 EDT 2026
status, LSWS running: 1
Tue Jul 14 15:34:23 EDT 2026
status, LSWS running: 1
Tue Jul 14 15:35:23 EDT 2026
status, LSWS running: 1
Tue Jul 14 15:36:23 EDT 2026
status, LSWS running: 1
Tue Jul 14 15:37:23 EDT 2026
status, LSWS running: 1
Tue Jul 14 15:38:23 EDT 2026
status, LSWS running: 1
Tue Jul 14 15:39:23 EDT 2026
status, LSWS running: 1
Tue Jul 14 15:40:23 EDT 2026
status, LSWS running: 1
Tue Jul 14 15:41:23 EDT 2026
status, LSWS running: 1
Tue Jul 14 15:42:23 EDT 2026
status, LSWS running: 1
Tue Jul 14 15:43:23 EDT 2026
status, LSWS running: 1
Tue Jul 14 15:44:23 EDT 2026
status, LSWS running: 1
Tue Jul 14 15:45:23 EDT 2026
status, LSWS running: 1
Tue Jul 14 15:46:23 EDT 2026
status, LSWS running: 1
Tue Jul 14 15:47:23 EDT 2026
status, LSWS running: 1
Tue Jul 14 15:48:23 EDT 2026
status, LSWS running: 1
Tue Jul 14 15:49:23 EDT 2026
status, LSWS running: 1
Tue Jul 14 15:50:23 EDT 2026
status, LSWS running: 1
Tue Jul 14 15:51:23 EDT 2026
status, LSWS running: 1
Tue Jul 14 15:52:23 EDT 2026
status, LSWS running: 1
Tue Jul 14 15:53:23 EDT 2026
status, LSWS running: 1
Tue Jul 14 15:54:23 EDT 2026
status, LSWS running: 1
Tue Jul 14 15:55:23 EDT 2026
status, LSWS running: 1
Tue Jul 14 15:56:23 EDT 2026
status, LSWS running: 1
Tue Jul 14 15:57:23 EDT 2026
status, LSWS running: 1
Tue Jul 14 15:58:23 EDT 2026
status, LSWS running: 1
Tue Jul 14 15:59:23 EDT 2026
status, LSWS running: 1
Tue Jul 14 16:00:23 EDT 2026
status, LSWS running: 1
Tue Jul 14 16:01:23 EDT 2026
status, LSWS running: 1
Tue Jul 14 16:02:23 EDT 2026
status, LSWS running: 1
Tue Jul 14 16:03:23 EDT 2026
status, LSWS running: 1
Tue Jul 14 16:04:23 EDT 2026
status, LSWS running: 1
Tue Jul 14 16:05:23 EDT 2026
status, LSWS running: 1
Tue Jul 14 16:06:23 EDT 2026
status, LSWS running: 1
Tue Jul 14 16:07:23 EDT 2026
status, LSWS running: 1
Tue Jul 14 16:08:23 EDT 2026
status, LSWS running: 1
Tue Jul 14 16:09:23 EDT 2026
status, LSWS running: 1
Tue Jul 14 16:10:23 EDT 2026
status, LSWS running: 1
Tue Jul 14 16:11:23 EDT 2026
status, LSWS running: 1
Tue Jul 14 16:12:23 EDT 2026
status, LSWS running: 1
Tue Jul 14 16:13:23 EDT 2026
status, LSWS running: 1
Tue Jul 14 16:14:23 EDT 2026
status, LSWS running: 1
Tue Jul 14 16:15:23 EDT 2026
status, LSWS running: 1
Tue Jul 14 16:16:23 EDT 2026
status, LSWS running: 1
Tue Jul 14 16:17:23 EDT 2026
status, LSWS running: 1
Tue Jul 14 16:18:23 EDT 2026
status, LSWS running: 1
Tue Jul 14 16:19:23 EDT 2026
status, LSWS running: 1
Tue Jul 14 16:20:23 EDT 2026
status, LSWS running: 1
Tue Jul 14 16:21:23 EDT 2026
status, LSWS running: 1
Tue Jul 14 16:22:23 EDT 2026
status, LSWS running: 1
Tue Jul 14 16:23:23 EDT 2026
status, LSWS running: 1
Tue Jul 14 16:24:23 EDT 2026
status, LSWS running: 1
Tue Jul 14 16:25:23 EDT 2026
status, LSWS running: 1
Tue Jul 14 16:26:23 EDT 2026
status, LSWS running: 1
Tue Jul 14 16:27:23 EDT 2026
status, LSWS running: 1
Tue Jul 14 16:28:23 EDT 2026
status, LSWS running: 1
Tue Jul 14 16:29:23 EDT 2026
status, LSWS running: 1
Tue Jul 14 16:30:23 EDT 2026
status, LSWS running: 1
Tue Jul 14 16:31:23 EDT 2026
status, LSWS running: 1
Tue Jul 14 16:32:23 EDT 2026
status, LSWS running: 1
Tue Jul 14 16:33:23 EDT 2026
status, LSWS running: 1
Tue Jul 14 16:34:23 EDT 2026
status, LSWS running: 1
Tue Jul 14 16:35:23 EDT 2026
status, LSWS running: 1
Tue Jul 14 16:36:23 EDT 2026
status, LSWS running: 1
Tue Jul 14 16:37:23 EDT 2026
status, LSWS running: 1
Tue Jul 14 16:38:23 EDT 2026
status, LSWS running: 1
Tue Jul 14 16:39:23 EDT 2026
status, LSWS running: 1
Tue Jul 14 16:40:23 EDT 2026
status, LSWS running: 1
Tue Jul 14 16:41:23 EDT 2026
status, LSWS running: 1
Tue Jul 14 16:42:23 EDT 2026
status, LSWS running: 1
Tue Jul 14 16:43:23 EDT 2026
status, LSWS running: 1
Tue Jul 14 16:44:23 EDT 2026
status, LSWS running: 1
Tue Jul 14 16:45:23 EDT 2026
status, LSWS running: 1
Tue Jul 14 16:46:23 EDT 2026
status, LSWS running: 1
Tue Jul 14 16:47:23 EDT 2026
status, LSWS running: 1
Tue Jul 14 16:48:23 EDT 2026
status, LSWS running: 1
Tue Jul 14 16:49:23 EDT 2026
status, LSWS running: 1
Tue Jul 14 16:50:23 EDT 2026
status, LSWS running: 1
Tue Jul 14 16:51:23 EDT 2026
status, LSWS running: 1
Tue Jul 14 16:52:23 EDT 2026
status, LSWS running: 1
Tue Jul 14 16:53:23 EDT 2026
status, LSWS running: 1
Tue Jul 14 16:54:23 EDT 2026
status, LSWS running: 1
Tue Jul 14 16:55:23 EDT 2026
status, LSWS running: 1
Tue Jul 14 16:56:24 EDT 2026
status, LSWS running: 1
Tue Jul 14 16:57:24 EDT 2026
status, LSWS running: 1
Tue Jul 14 16:58:24 EDT 2026
status, LSWS running: 1
Tue Jul 14 16:59:24 EDT 2026
status, LSWS running: 1
Tue Jul 14 17:00:24 EDT 2026
status, LSWS running: 1
Tue Jul 14 17:01:24 EDT 2026
status, LSWS running: 1
Tue Jul 14 17:02:24 EDT 2026
status, LSWS running: 1
Tue Jul 14 17:03:24 EDT 2026
status, LSWS running: 1
Tue Jul 14 17:04:24 EDT 2026
status, LSWS running: 1
Tue Jul 14 17:05:24 EDT 2026
status, LSWS running: 1
Tue Jul 14 17:06:24 EDT 2026
status, LSWS running: 1
Tue Jul 14 17:07:24 EDT 2026
status, LSWS running: 1
Tue Jul 14 17:08:24 EDT 2026
status, LSWS running: 1
Tue Jul 14 17:09:24 EDT 2026
status, LSWS running: 1
Tue Jul 14 17:10:24 EDT 2026
status, LSWS running: 1
Tue Jul 14 17:11:24 EDT 2026
status, LSWS running: 1
Tue Jul 14 17:12:24 EDT 2026
status, LSWS running: 1
Tue Jul 14 17:13:24 EDT 2026
status, LSWS running: 1
Tue Jul 14 17:14:24 EDT 2026
status, LSWS running: 1
Tue Jul 14 17:15:24 EDT 2026
status, LSWS running: 1
Tue Jul 14 17:16:24 EDT 2026
status, LSWS running: 1
Tue Jul 14 17:17:24 EDT 2026
status, LSWS running: 1
Tue Jul 14 17:18:24 EDT 2026
status, LSWS running: 1
Tue Jul 14 17:19:24 EDT 2026
status, LSWS running: 1
Tue Jul 14 17:20:24 EDT 2026
status, LSWS running: 1
Tue Jul 14 17:21:24 EDT 2026
status, LSWS running: 1
Tue Jul 14 17:22:24 EDT 2026
status, LSWS running: 1
Tue Jul 14 17:23:24 EDT 2026
status, LSWS running: 1
Tue Jul 14 17:24:24 EDT 2026
status, LSWS running: 1
Tue Jul 14 17:25:24 EDT 2026
status, LSWS running: 1
Tue Jul 14 17:26:24 EDT 2026
status, LSWS running: 1
Tue Jul 14 17:27:24 EDT 2026
status, LSWS running: 1
Tue Jul 14 17:28:24 EDT 2026
status, LSWS running: 1
Tue Jul 14 17:29:24 EDT 2026
status, LSWS running: 1
Tue Jul 14 17:30:24 EDT 2026
status, LSWS running: 1
Tue Jul 14 17:31:24 EDT 2026
status, LSWS running: 1
Tue Jul 14 17:32:24 EDT 2026
status, LSWS running: 1
Tue Jul 14 17:33:24 EDT 2026
status, LSWS running: 1
Tue Jul 14 17:34:24 EDT 2026
status, LSWS running: 1
Tue Jul 14 17:35:24 EDT 2026
status, LSWS running: 1
Tue Jul 14 17:36:24 EDT 2026
status, LSWS running: 1
Tue Jul 14 17:37:24 EDT 2026
status, LSWS running: 1
Tue Jul 14 17:38:24 EDT 2026
status, LSWS running: 1
Tue Jul 14 17:39:24 EDT 2026
status, LSWS running: 1
Tue Jul 14 17:40:24 EDT 2026
status, LSWS running: 1
Tue Jul 14 17:41:24 EDT 2026
status, LSWS running: 1
Tue Jul 14 17:42:24 EDT 2026
status, LSWS running: 1
Tue Jul 14 17:43:24 EDT 2026
status, LSWS running: 1
Tue Jul 14 17:44:24 EDT 2026
status, LSWS running: 1
Tue Jul 14 17:45:24 EDT 2026
status, LSWS running: 1
Tue Jul 14 17:46:24 EDT 2026
status, LSWS running: 1
Tue Jul 14 17:47:24 EDT 2026
status, LSWS running: 1
Tue Jul 14 17:48:24 EDT 2026
status, LSWS running: 1
Tue Jul 14 17:49:24 EDT 2026
status, LSWS running: 1
Tue Jul 14 17:50:24 EDT 2026
status, LSWS running: 1
Tue Jul 14 17:51:24 EDT 2026
status, LSWS running: 1
Tue Jul 14 17:52:24 EDT 2026
status, LSWS running: 1
Tue Jul 14 17:53:24 EDT 2026
status, LSWS running: 1
Tue Jul 14 17:54:24 EDT 2026
status, LSWS running: 1
Tue Jul 14 17:55:24 EDT 2026
status, LSWS running: 1
Tue Jul 14 17:56:24 EDT 2026
status, LSWS running: 1
Tue Jul 14 17:57:24 EDT 2026
status, LSWS running: 1
Tue Jul 14 17:58:24 EDT 2026
status, LSWS running: 1
Tue Jul 14 17:59:24 EDT 2026
status, LSWS running: 1
Tue Jul 14 18:00:24 EDT 2026
status, LSWS running: 1
Tue Jul 14 18:01:24 EDT 2026
status, LSWS running: 1
Tue Jul 14 18:02:24 EDT 2026
status, LSWS running: 1
Tue Jul 14 18:03:24 EDT 2026
status, LSWS running: 1
Tue Jul 14 18:04:24 EDT 2026
status, LSWS running: 1
Tue Jul 14 18:05:24 EDT 2026
status, LSWS running: 1
Tue Jul 14 18:06:24 EDT 2026
status, LSWS running: 1
Tue Jul 14 18:07:24 EDT 2026
status, LSWS running: 1
Tue Jul 14 18:08:24 EDT 2026
status, LSWS running: 1
Tue Jul 14 18:09:24 EDT 2026
status, LSWS running: 1
Tue Jul 14 18:10:24 EDT 2026
status, LSWS running: 1
Tue Jul 14 18:11:24 EDT 2026
status, LSWS running: 1
Tue Jul 14 18:12:24 EDT 2026
status, LSWS running: 1
Tue Jul 14 18:13:24 EDT 2026
status, LSWS running: 1
Tue Jul 14 18:14:24 EDT 2026
status, LSWS running: 1
Tue Jul 14 18:15:24 EDT 2026
status, LSWS running: 1
Tue Jul 14 18:16:24 EDT 2026
status, LSWS running: 1
Tue Jul 14 18:17:24 EDT 2026
status, LSWS running: 1
Tue Jul 14 18:18:24 EDT 2026
status, LSWS running: 1
Tue Jul 14 18:19:25 EDT 2026
status, LSWS running: 1
Tue Jul 14 18:20:25 EDT 2026
status, LSWS running: 1
Tue Jul 14 18:21:25 EDT 2026
status, LSWS running: 1
Tue Jul 14 18:22:25 EDT 2026
status, LSWS running: 1
Tue Jul 14 18:23:25 EDT 2026
status, LSWS running: 1
Tue Jul 14 18:24:25 EDT 2026
status, LSWS running: 1
Tue Jul 14 18:25:25 EDT 2026
status, LSWS running: 1
Tue Jul 14 18:26:25 EDT 2026
status, LSWS running: 1
Tue Jul 14 18:27:25 EDT 2026
status, LSWS running: 1
Tue Jul 14 18:28:25 EDT 2026
status, LSWS running: 1
Tue Jul 14 18:29:25 EDT 2026
status, LSWS running: 1
Tue Jul 14 18:30:25 EDT 2026
status, LSWS running: 1
Tue Jul 14 18:31:25 EDT 2026
status, LSWS running: 1
Tue Jul 14 18:32:25 EDT 2026
status, LSWS running: 1
Tue Jul 14 18:33:25 EDT 2026
status, LSWS running: 1
Tue Jul 14 18:34:25 EDT 2026
status, LSWS running: 1
Tue Jul 14 18:35:25 EDT 2026
status, LSWS running: 1
Tue Jul 14 18:36:25 EDT 2026
status, LSWS running: 1
Tue Jul 14 18:37:25 EDT 2026
status, LSWS running: 1
Tue Jul 14 18:38:25 EDT 2026
status, LSWS running: 1
Tue Jul 14 18:39:25 EDT 2026
status, LSWS running: 1
Tue Jul 14 18:40:25 EDT 2026
status, LSWS running: 1
Tue Jul 14 18:41:25 EDT 2026
status, LSWS running: 1
Tue Jul 14 18:42:25 EDT 2026
status, LSWS running: 1
Tue Jul 14 18:43:25 EDT 2026
status, LSWS running: 1
Tue Jul 14 18:44:25 EDT 2026
status, LSWS running: 1
Tue Jul 14 18:45:25 EDT 2026
status, LSWS running: 1
Tue Jul 14 18:46:25 EDT 2026
status, LSWS running: 1
Tue Jul 14 18:47:25 EDT 2026
status, LSWS running: 1
Tue Jul 14 18:48:25 EDT 2026
status, LSWS running: 1
Tue Jul 14 18:49:25 EDT 2026
status, LSWS running: 1
Tue Jul 14 18:50:25 EDT 2026
status, LSWS running: 1
Tue Jul 14 18:51:25 EDT 2026
status, LSWS running: 1
Tue Jul 14 18:52:25 EDT 2026
status, LSWS running: 1
Tue Jul 14 18:53:25 EDT 2026
status, LSWS running: 1
Tue Jul 14 18:54:25 EDT 2026
status, LSWS running: 1
Tue Jul 14 18:55:25 EDT 2026
status, LSWS running: 1
Tue Jul 14 18:56:25 EDT 2026
status, LSWS running: 1
Tue Jul 14 18:57:25 EDT 2026
status, LSWS running: 1
Tue Jul 14 18:58:25 EDT 2026
status, LSWS running: 1
Tue Jul 14 18:59:25 EDT 2026
status, LSWS running: 1
Tue Jul 14 19:00:25 EDT 2026
status, LSWS running: 1
Tue Jul 14 19:01:25 EDT 2026
status, LSWS running: 1
Tue Jul 14 19:02:25 EDT 2026
status, LSWS running: 1
Tue Jul 14 19:03:25 EDT 2026
status, LSWS running: 1
Tue Jul 14 19:04:25 EDT 2026
status, LSWS running: 1
Tue Jul 14 19:05:25 EDT 2026
status, LSWS running: 1
Tue Jul 14 19:06:25 EDT 2026
status, LSWS running: 1
Tue Jul 14 19:07:25 EDT 2026
status, LSWS running: 1
Tue Jul 14 19:08:25 EDT 2026
status, LSWS running: 1
Tue Jul 14 19:09:25 EDT 2026
status, LSWS running: 1
Tue Jul 14 19:10:25 EDT 2026
status, LSWS running: 1
Tue Jul 14 19:11:25 EDT 2026
status, LSWS running: 1
Tue Jul 14 19:12:25 EDT 2026
status, LSWS running: 1
Tue Jul 14 19:13:25 EDT 2026
status, LSWS running: 1
Tue Jul 14 19:14:25 EDT 2026
status, LSWS running: 1
Tue Jul 14 19:15:25 EDT 2026
status, LSWS running: 1
Tue Jul 14 19:16:25 EDT 2026
status, LSWS running: 1
Tue Jul 14 19:17:25 EDT 2026
status, LSWS running: 1
Tue Jul 14 19:18:25 EDT 2026
status, LSWS running: 1
Tue Jul 14 19:19:25 EDT 2026
status, LSWS running: 1
Tue Jul 14 19:20:25 EDT 2026
status, LSWS running: 1
Tue Jul 14 19:21:25 EDT 2026
status, LSWS running: 1
Tue Jul 14 19:22:25 EDT 2026
status, LSWS running: 1
Tue Jul 14 19:23:25 EDT 2026
status, LSWS running: 1
Tue Jul 14 19:24:25 EDT 2026
status, LSWS running: 1
Tue Jul 14 19:25:25 EDT 2026
status, LSWS running: 1
Tue Jul 14 19:26:25 EDT 2026
status, LSWS running: 1
Tue Jul 14 19:27:25 EDT 2026
status, LSWS running: 1
Tue Jul 14 19:28:25 EDT 2026
status, LSWS running: 1
Tue Jul 14 19:29:25 EDT 2026
status, LSWS running: 1
Tue Jul 14 19:30:25 EDT 2026
status, LSWS running: 1
Tue Jul 14 19:31:25 EDT 2026
status, LSWS running: 1
Tue Jul 14 19:32:25 EDT 2026
status, LSWS running: 1
Tue Jul 14 19:33:25 EDT 2026
status, LSWS running: 1
Tue Jul 14 19:34:25 EDT 2026
status, LSWS running: 1
Tue Jul 14 19:35:25 EDT 2026
status, LSWS running: 1
Tue Jul 14 19:36:25 EDT 2026
status, LSWS running: 1
Tue Jul 14 19:37:25 EDT 2026
status, LSWS running: 1
Tue Jul 14 19:38:25 EDT 2026
status, LSWS running: 1
Tue Jul 14 19:39:25 EDT 2026
status, LSWS running: 1
Tue Jul 14 19:40:25 EDT 2026
status, LSWS running: 1
Tue Jul 14 19:41:25 EDT 2026
status, LSWS running: 1
Tue Jul 14 19:42:25 EDT 2026
status, LSWS running: 1
Tue Jul 14 19:43:25 EDT 2026
status, LSWS running: 1
Tue Jul 14 19:44:25 EDT 2026
status, LSWS running: 1
Tue Jul 14 19:45:25 EDT 2026
status, LSWS running: 1
Tue Jul 14 19:46:25 EDT 2026
status, LSWS running: 1
Tue Jul 14 19:47:25 EDT 2026
status, LSWS running: 1
Tue Jul 14 19:48:25 EDT 2026
status, LSWS running: 1
Tue Jul 14 19:49:25 EDT 2026
status, LSWS running: 1
Tue Jul 14 19:50:25 EDT 2026
status, LSWS running: 1
Tue Jul 14 19:51:26 EDT 2026
status, LSWS running: 1
Tue Jul 14 19:52:26 EDT 2026
status, LSWS running: 1
Tue Jul 14 19:53:26 EDT 2026
status, LSWS running: 1
Tue Jul 14 19:54:26 EDT 2026
status, LSWS running: 1
Tue Jul 14 19:55:26 EDT 2026
status, LSWS running: 1
Tue Jul 14 19:56:26 EDT 2026
status, LSWS running: 1
Tue Jul 14 19:57:26 EDT 2026
status, LSWS running: 1
Tue Jul 14 19:58:26 EDT 2026
status, LSWS running: 1
Tue Jul 14 19:59:26 EDT 2026
status, LSWS running: 1
Tue Jul 14 20:00:26 EDT 2026
status, LSWS running: 1
Tue Jul 14 20:01:26 EDT 2026
status, LSWS running: 1
Tue Jul 14 20:02:26 EDT 2026
status, LSWS running: 1
Tue Jul 14 20:03:26 EDT 2026
status, LSWS running: 1
Tue Jul 14 20:04:26 EDT 2026
status, LSWS running: 1
Tue Jul 14 20:05:26 EDT 2026
status, LSWS running: 1
Tue Jul 14 20:06:26 EDT 2026
status, LSWS running: 1
Tue Jul 14 20:07:26 EDT 2026
status, LSWS running: 1
Tue Jul 14 20:08:26 EDT 2026
status, LSWS running: 1
Tue Jul 14 20:09:26 EDT 2026
status, LSWS running: 1
Tue Jul 14 20:10:26 EDT 2026
status, LSWS running: 1
Tue Jul 14 20:11:26 EDT 2026
status, LSWS running: 1
Tue Jul 14 20:12:26 EDT 2026
status, LSWS running: 1
Tue Jul 14 20:13:26 EDT 2026
status, LSWS running: 1
Tue Jul 14 20:14:26 EDT 2026
status, LSWS running: 1
Tue Jul 14 20:15:26 EDT 2026
status, LSWS running: 1
Tue Jul 14 20:16:26 EDT 2026
status, LSWS running: 1
Tue Jul 14 20:17:26 EDT 2026
status, LSWS running: 1
Tue Jul 14 20:18:26 EDT 2026
status, LSWS running: 1
Tue Jul 14 20:19:26 EDT 2026
status, LSWS running: 1
Tue Jul 14 20:20:26 EDT 2026
status, LSWS running: 1
Tue Jul 14 20:21:26 EDT 2026
status, LSWS running: 1
Tue Jul 14 20:22:26 EDT 2026
status, LSWS running: 1
Tue Jul 14 20:23:26 EDT 2026
status, LSWS running: 1
Tue Jul 14 20:24:26 EDT 2026
status, LSWS running: 1
Tue Jul 14 20:25:26 EDT 2026
status, LSWS running: 1
Tue Jul 14 20:26:26 EDT 2026
status, LSWS running: 1
Tue Jul 14 20:27:26 EDT 2026
status, LSWS running: 1
Tue Jul 14 20:28:26 EDT 2026
status, LSWS running: 1
Tue Jul 14 20:29:26 EDT 2026
status, LSWS running: 1
Tue Jul 14 20:30:26 EDT 2026
status, LSWS running: 1
Tue Jul 14 20:31:26 EDT 2026
status, LSWS running: 1
Tue Jul 14 20:32:26 EDT 2026
status, LSWS running: 1
Tue Jul 14 20:33:26 EDT 2026
status, LSWS running: 1
Tue Jul 14 20:34:26 EDT 2026
status, LSWS running: 1
Tue Jul 14 20:35:26 EDT 2026
status, LSWS running: 1
Tue Jul 14 20:36:26 EDT 2026
status, LSWS running: 1
Tue Jul 14 20:37:26 EDT 2026
status, LSWS running: 1
Tue Jul 14 20:38:26 EDT 2026
status, LSWS running: 1
Tue Jul 14 20:39:26 EDT 2026
status, LSWS running: 1
Tue Jul 14 20:40:26 EDT 2026
status, LSWS running: 1
Tue Jul 14 20:41:26 EDT 2026
status, LSWS running: 1
Tue Jul 14 20:42:26 EDT 2026
status, LSWS running: 1
Tue Jul 14 20:43:26 EDT 2026
status, LSWS running: 1
Tue Jul 14 20:44:26 EDT 2026
status, LSWS running: 1
Tue Jul 14 20:45:26 EDT 2026
status, LSWS running: 1
Tue Jul 14 20:46:26 EDT 2026
status, LSWS running: 1
Tue Jul 14 20:47:26 EDT 2026
status, LSWS running: 1
Tue Jul 14 20:48:26 EDT 2026
status, LSWS running: 1
Tue Jul 14 20:49:26 EDT 2026
status, LSWS running: 1
Tue Jul 14 20:50:26 EDT 2026
status, LSWS running: 1
Tue Jul 14 20:51:26 EDT 2026
status, LSWS running: 1
Tue Jul 14 20:52:26 EDT 2026
status, LSWS running: 1
Tue Jul 14 20:53:26 EDT 2026
status, LSWS running: 1
Tue Jul 14 20:54:26 EDT 2026
status, LSWS running: 1
Tue Jul 14 20:55:26 EDT 2026
status, LSWS running: 1
Tue Jul 14 20:56:26 EDT 2026
status, LSWS running: 1
Tue Jul 14 20:57:26 EDT 2026
status, LSWS running: 1
Tue Jul 14 20:58:26 EDT 2026
status, LSWS running: 1
Tue Jul 14 20:59:26 EDT 2026
status, LSWS running: 1
Tue Jul 14 21:00:26 EDT 2026
status, LSWS running: 1
Tue Jul 14 21:01:26 EDT 2026
status, LSWS running: 1
Tue Jul 14 21:02:26 EDT 2026
status, LSWS running: 1
Tue Jul 14 21:03:26 EDT 2026
status, LSWS running: 1
Tue Jul 14 21:04:26 EDT 2026
status, LSWS running: 1
Tue Jul 14 21:05:26 EDT 2026
status, LSWS running: 1
Tue Jul 14 21:06:26 EDT 2026
status, LSWS running: 1
Tue Jul 14 21:07:26 EDT 2026
status, LSWS running: 1
Tue Jul 14 21:08:26 EDT 2026
status, LSWS running: 1
Tue Jul 14 21:09:26 EDT 2026
status, LSWS running: 1
Tue Jul 14 21:10:27 EDT 2026
status, LSWS running: 1
Tue Jul 14 21:11:27 EDT 2026
status, LSWS running: 1
Tue Jul 14 21:12:27 EDT 2026
status, LSWS running: 1
Tue Jul 14 21:13:27 EDT 2026
status, LSWS running: 1
Tue Jul 14 21:14:27 EDT 2026
status, LSWS running: 1
Tue Jul 14 21:15:27 EDT 2026
status, LSWS running: 1
Tue Jul 14 21:16:27 EDT 2026
status, LSWS running: 1
Tue Jul 14 21:17:27 EDT 2026
status, LSWS running: 1
Tue Jul 14 21:18:27 EDT 2026
status, LSWS running: 1
Tue Jul 14 21:19:27 EDT 2026
status, LSWS running: 1
Tue Jul 14 21:20:27 EDT 2026
status, LSWS running: 1
Tue Jul 14 21:21:27 EDT 2026
status, LSWS running: 1
Tue Jul 14 21:22:27 EDT 2026
status, LSWS running: 1
Tue Jul 14 21:23:27 EDT 2026
status, LSWS running: 1
Tue Jul 14 21:24:27 EDT 2026
status, LSWS running: 1
Tue Jul 14 21:25:27 EDT 2026
status, LSWS running: 1
Tue Jul 14 21:26:27 EDT 2026
status, LSWS running: 1
Tue Jul 14 21:27:27 EDT 2026
status, LSWS running: 1
Tue Jul 14 21:28:27 EDT 2026
status, LSWS running: 1
Tue Jul 14 21:29:27 EDT 2026
status, LSWS running: 1
Tue Jul 14 21:30:27 EDT 2026
status, LSWS running: 1
Tue Jul 14 21:31:27 EDT 2026
status, LSWS running: 1
Tue Jul 14 21:32:27 EDT 2026
status, LSWS running: 1
Tue Jul 14 21:33:27 EDT 2026
status, LSWS running: 1
Tue Jul 14 21:34:27 EDT 2026
status, LSWS running: 1
Tue Jul 14 21:35:27 EDT 2026
status, LSWS running: 1
Tue Jul 14 21:36:27 EDT 2026
status, LSWS running: 1
Tue Jul 14 21:37:27 EDT 2026
status, LSWS running: 1
Tue Jul 14 21:38:27 EDT 2026
status, LSWS running: 1
Tue Jul 14 21:39:27 EDT 2026
status, LSWS running: 1
Tue Jul 14 21:40:27 EDT 2026
status, LSWS running: 1
Tue Jul 14 21:41:27 EDT 2026
status, LSWS running: 1
Tue Jul 14 21:42:27 EDT 2026
status, LSWS running: 1
Tue Jul 14 21:43:27 EDT 2026
status, LSWS running: 1
Tue Jul 14 21:44:27 EDT 2026
status, LSWS running: 1
Tue Jul 14 21:45:27 EDT 2026
status, LSWS running: 1
Tue Jul 14 21:46:27 EDT 2026
status, LSWS running: 1
Tue Jul 14 21:47:27 EDT 2026
status, LSWS running: 1
Tue Jul 14 21:48:27 EDT 2026
status, LSWS running: 1
Tue Jul 14 21:49:27 EDT 2026
status, LSWS running: 1
Tue Jul 14 21:50:27 EDT 2026
status, LSWS running: 1
Tue Jul 14 21:51:27 EDT 2026
status, LSWS running: 1
Tue Jul 14 21:52:27 EDT 2026
status, LSWS running: 1
Tue Jul 14 21:53:27 EDT 2026
status, LSWS running: 1
Tue Jul 14 21:54:27 EDT 2026
status, LSWS running: 1
Tue Jul 14 21:55:27 EDT 2026
status, LSWS running: 1
Tue Jul 14 21:56:27 EDT 2026
status, LSWS running: 1
Tue Jul 14 21:57:27 EDT 2026
status, LSWS running: 1
Tue Jul 14 21:58:27 EDT 2026
status, LSWS running: 1
Tue Jul 14 21:59:27 EDT 2026
status, LSWS running: 1
Tue Jul 14 22:00:27 EDT 2026
status, LSWS running: 1
Tue Jul 14 22:01:27 EDT 2026
status, LSWS running: 1
Tue Jul 14 22:02:27 EDT 2026
status, LSWS running: 1
Tue Jul 14 22:03:27 EDT 2026
status, LSWS running: 1
Tue Jul 14 22:04:27 EDT 2026
status, LSWS running: 1
Tue Jul 14 22:05:27 EDT 2026
status, LSWS running: 1
Tue Jul 14 22:06:27 EDT 2026
status, LSWS running: 1
Tue Jul 14 22:07:27 EDT 2026
status, LSWS running: 1
Tue Jul 14 22:08:27 EDT 2026
status, LSWS running: 1
Tue Jul 14 22:09:27 EDT 2026
status, LSWS running: 1
Tue Jul 14 22:10:27 EDT 2026
status, LSWS running: 1
Tue Jul 14 22:11:27 EDT 2026
status, LSWS running: 1
Tue Jul 14 22:12:27 EDT 2026
status, LSWS running: 1
Tue Jul 14 22:13:27 EDT 2026
status, LSWS running: 1
Tue Jul 14 22:14:27 EDT 2026
status, LSWS running: 1
Tue Jul 14 22:15:28 EDT 2026
status, LSWS running: 1
Tue Jul 14 22:16:28 EDT 2026
status, LSWS running: 1
Tue Jul 14 22:17:28 EDT 2026
status, LSWS running: 1
Tue Jul 14 22:18:28 EDT 2026
status, LSWS running: 1
Tue Jul 14 22:19:28 EDT 2026
status, LSWS running: 1
Tue Jul 14 22:20:28 EDT 2026
status, LSWS running: 1
Tue Jul 14 22:21:28 EDT 2026
status, LSWS running: 1
Tue Jul 14 22:22:28 EDT 2026
status, LSWS running: 1
Tue Jul 14 22:23:28 EDT 2026
status, LSWS running: 1
Tue Jul 14 22:24:28 EDT 2026
status, LSWS running: 1
Tue Jul 14 22:25:28 EDT 2026
status, LSWS running: 1
Tue Jul 14 22:26:28 EDT 2026
status, LSWS running: 1
Tue Jul 14 22:27:28 EDT 2026
status, LSWS running: 1
Tue Jul 14 22:28:28 EDT 2026
status, LSWS running: 1
Tue Jul 14 22:29:28 EDT 2026
status, LSWS running: 1
Tue Jul 14 22:30:28 EDT 2026
status, LSWS running: 1
Tue Jul 14 22:31:28 EDT 2026
status, LSWS running: 1
Tue Jul 14 22:32:28 EDT 2026
status, LSWS running: 1
Tue Jul 14 22:33:28 EDT 2026
status, LSWS running: 1
Tue Jul 14 22:34:28 EDT 2026
status, LSWS running: 1
Tue Jul 14 22:35:28 EDT 2026
status, LSWS running: 1
Tue Jul 14 22:36:28 EDT 2026
status, LSWS running: 1
Tue Jul 14 22:37:28 EDT 2026
status, LSWS running: 1
Tue Jul 14 22:38:28 EDT 2026
status, LSWS running: 1
Tue Jul 14 22:39:28 EDT 2026
status, LSWS running: 1
Tue Jul 14 22:40:28 EDT 2026
status, LSWS running: 1
Tue Jul 14 22:41:28 EDT 2026
status, LSWS running: 1
Tue Jul 14 22:42:28 EDT 2026
status, LSWS running: 1
Tue Jul 14 22:43:28 EDT 2026
status, LSWS running: 1
Tue Jul 14 22:44:28 EDT 2026
status, LSWS running: 1
Tue Jul 14 22:45:28 EDT 2026
status, LSWS running: 1
Tue Jul 14 22:46:28 EDT 2026
status, LSWS running: 1
Tue Jul 14 22:47:28 EDT 2026
status, LSWS running: 1
Tue Jul 14 22:48:28 EDT 2026
status, LSWS running: 1
Tue Jul 14 22:49:28 EDT 2026
status, LSWS running: 1
Tue Jul 14 22:50:28 EDT 2026
status, LSWS running: 1
Tue Jul 14 22:51:28 EDT 2026
status, LSWS running: 1
Tue Jul 14 22:52:28 EDT 2026
status, LSWS running: 1
Tue Jul 14 22:53:28 EDT 2026
status, LSWS running: 1
Tue Jul 14 22:54:28 EDT 2026
status, LSWS running: 1
Tue Jul 14 22:55:28 EDT 2026
status, LSWS running: 1
Tue Jul 14 22:56:28 EDT 2026
status, LSWS running: 1
Tue Jul 14 22:57:28 EDT 2026
status, LSWS running: 1
Tue Jul 14 22:58:28 EDT 2026
status, LSWS running: 1
Tue Jul 14 22:59:28 EDT 2026
status, LSWS running: 1
Tue Jul 14 23:00:28 EDT 2026
status, LSWS running: 1
Tue Jul 14 23:01:28 EDT 2026
status, LSWS running: 1
Tue Jul 14 23:02:28 EDT 2026
status, LSWS running: 1
Tue Jul 14 23:03:28 EDT 2026
status, LSWS running: 1
Tue Jul 14 23:04:28 EDT 2026
status, LSWS running: 1
Tue Jul 14 23:05:28 EDT 2026
status, LSWS running: 1
Tue Jul 14 23:06:28 EDT 2026
status, LSWS running: 1
Tue Jul 14 23:07:28 EDT 2026
status, LSWS running: 1
Tue Jul 14 23:08:28 EDT 2026
status, LSWS running: 1
Tue Jul 14 23:09:28 EDT 2026
status, LSWS running: 1
Tue Jul 14 23:10:28 EDT 2026
status, LSWS running: 1
Tue Jul 14 23:11:28 EDT 2026
status, LSWS running: 1
Tue Jul 14 23:12:28 EDT 2026
status, LSWS running: 1
Tue Jul 14 23:13:28 EDT 2026
status, LSWS running: 1
Tue Jul 14 23:14:28 EDT 2026
status, LSWS running: 1
Tue Jul 14 23:15:28 EDT 2026
status, LSWS running: 1
Tue Jul 14 23:16:28 EDT 2026
status, LSWS running: 1
Tue Jul 14 23:17:28 EDT 2026
status, LSWS running: 1
Tue Jul 14 23:18:28 EDT 2026
status, LSWS running: 1
Tue Jul 14 23:19:28 EDT 2026
status, LSWS running: 1
Tue Jul 14 23:20:28 EDT 2026
status, LSWS running: 1
Tue Jul 14 23:21:28 EDT 2026
status, LSWS running: 1
Tue Jul 14 23:22:28 EDT 2026
status, LSWS running: 1
Tue Jul 14 23:23:28 EDT 2026
status, LSWS running: 1
Tue Jul 14 23:24:28 EDT 2026
status, LSWS running: 1
Tue Jul 14 23:25:28 EDT 2026
status, LSWS running: 1
Tue Jul 14 23:26:29 EDT 2026
status, LSWS running: 1
Tue Jul 14 23:27:29 EDT 2026
status, LSWS running: 1
Tue Jul 14 23:28:29 EDT 2026
status, LSWS running: 1
Tue Jul 14 23:29:29 EDT 2026
status, LSWS running: 1
Tue Jul 14 23:30:29 EDT 2026
status, LSWS running: 1
Tue Jul 14 23:31:29 EDT 2026
status, LSWS running: 1
Tue Jul 14 23:32:29 EDT 2026
status, LSWS running: 1
Tue Jul 14 23:33:29 EDT 2026
status, LSWS running: 1
Tue Jul 14 23:34:29 EDT 2026
status, LSWS running: 1
Tue Jul 14 23:35:29 EDT 2026
status, LSWS running: 1
Tue Jul 14 23:36:29 EDT 2026
status, LSWS running: 1
Tue Jul 14 23:37:29 EDT 2026
status, LSWS running: 1
Tue Jul 14 23:38:29 EDT 2026
status, LSWS running: 1
Tue Jul 14 23:39:29 EDT 2026
status, LSWS running: 1
Tue Jul 14 23:40:29 EDT 2026
status, LSWS running: 1
Tue Jul 14 23:41:29 EDT 2026
status, LSWS running: 1
Tue Jul 14 23:42:29 EDT 2026
status, LSWS running: 1
Tue Jul 14 23:43:29 EDT 2026
status, LSWS running: 1
Tue Jul 14 23:44:29 EDT 2026
status, LSWS running: 1
Tue Jul 14 23:45:29 EDT 2026
status, LSWS running: 1
Tue Jul 14 23:46:29 EDT 2026
status, LSWS running: 1
Tue Jul 14 23:47:29 EDT 2026
status, LSWS running: 1
Tue Jul 14 23:48:29 EDT 2026
status, LSWS running: 1
Tue Jul 14 23:49:29 EDT 2026
status, LSWS running: 1
Tue Jul 14 23:50:29 EDT 2026
status, LSWS running: 1
Tue Jul 14 23:51:29 EDT 2026
status, LSWS running: 1
Tue Jul 14 23:52:29 EDT 2026
status, LSWS running: 1
Tue Jul 14 23:53:29 EDT 2026
status, LSWS running: 1
Tue Jul 14 23:54:29 EDT 2026
status, LSWS running: 1
Tue Jul 14 23:55:29 EDT 2026
status, LSWS running: 1
Tue Jul 14 23:56:29 EDT 2026
status, LSWS running: 1
Tue Jul 14 23:57:29 EDT 2026
status, LSWS running: 1
Tue Jul 14 23:58:29 EDT 2026
status, LSWS running: 1
Tue Jul 14 23:59:29 EDT 2026
status, LSWS running: 1
Wed Jul 15 00:00:29 EDT 2026
status, LSWS running: 1
Wed Jul 15 00:01:29 EDT 2026
status, LSWS running: 1
Wed Jul 15 00:02:29 EDT 2026
status, LSWS running: 1
Wed Jul 15 00:03:29 EDT 2026
status, LSWS running: 1
Wed Jul 15 00:04:29 EDT 2026
status, LSWS running: 1
Wed Jul 15 00:05:29 EDT 2026
status, LSWS running: 1
Wed Jul 15 00:06:29 EDT 2026
status, LSWS running: 1
Wed Jul 15 00:07:29 EDT 2026
status, LSWS running: 1
Wed Jul 15 00:08:29 EDT 2026
status, LSWS running: 1
Wed Jul 15 00:09:29 EDT 2026
status, LSWS running: 1
Wed Jul 15 00:10:29 EDT 2026
status, LSWS running: 1
Wed Jul 15 00:11:29 EDT 2026
status, LSWS running: 1
Wed Jul 15 00:12:29 EDT 2026
status, LSWS running: 1
Wed Jul 15 00:13:29 EDT 2026
status, LSWS running: 1
Wed Jul 15 00:14:29 EDT 2026
status, LSWS running: 1
Wed Jul 15 00:15:29 EDT 2026
status, LSWS running: 1
Wed Jul 15 00:16:29 EDT 2026
status, LSWS running: 1
Wed Jul 15 00:17:29 EDT 2026
status, LSWS running: 1
Wed Jul 15 00:18:29 EDT 2026
status, LSWS running: 1
Wed Jul 15 00:19:29 EDT 2026
status, LSWS running: 1
Wed Jul 15 00:20:29 EDT 2026
status, LSWS running: 1
Wed Jul 15 00:21:29 EDT 2026
status, LSWS running: 1
Wed Jul 15 00:22:29 EDT 2026
status, LSWS running: 1
Wed Jul 15 00:23:29 EDT 2026
status, LSWS running: 1
Wed Jul 15 00:24:29 EDT 2026
status, LSWS running: 1
Wed Jul 15 00:25:29 EDT 2026
status, LSWS running: 1
Wed Jul 15 00:26:29 EDT 2026
status, LSWS running: 1
Wed Jul 15 00:27:29 EDT 2026
status, LSWS running: 1
Wed Jul 15 00:28:29 EDT 2026
status, LSWS running: 1
Wed Jul 15 00:29:29 EDT 2026
status, LSWS running: 1
Wed Jul 15 00:30:29 EDT 2026
status, LSWS running: 1
Wed Jul 15 00:31:29 EDT 2026
status, LSWS running: 1
Wed Jul 15 00:32:29 EDT 2026
status, LSWS running: 1
Wed Jul 15 00:33:29 EDT 2026
status, LSWS running: 1
Wed Jul 15 00:34:29 EDT 2026
status, LSWS running: 1
Wed Jul 15 00:35:29 EDT 2026
status, LSWS running: 1
Wed Jul 15 00:36:29 EDT 2026
status, LSWS running: 1
Wed Jul 15 00:37:29 EDT 2026
status, LSWS running: 1
Wed Jul 15 00:38:29 EDT 2026
status, LSWS running: 1
Wed Jul 15 00:39:29 EDT 2026
status, LSWS running: 1
Wed Jul 15 00:40:29 EDT 2026
status, LSWS running: 1
Wed Jul 15 00:41:29 EDT 2026
status, LSWS running: 1
Wed Jul 15 00:42:29 EDT 2026
status, LSWS running: 1
Wed Jul 15 00:43:29 EDT 2026
status, LSWS running: 1
Wed Jul 15 00:44:29 EDT 2026
status, LSWS running: 1
Wed Jul 15 00:45:29 EDT 2026
status, LSWS running: 1
Wed Jul 15 00:46:29 EDT 2026
status, LSWS running: 1
Wed Jul 15 00:47:29 EDT 2026
status, LSWS running: 1
Wed Jul 15 00:48:29 EDT 2026
status, LSWS running: 1
Wed Jul 15 00:49:29 EDT 2026
status, LSWS running: 1
Wed Jul 15 00:50:29 EDT 2026
status, LSWS running: 1
Wed Jul 15 00:51:29 EDT 2026
status, LSWS running: 1
Wed Jul 15 00:52:29 EDT 2026
status, LSWS running: 1
Wed Jul 15 00:53:30 EDT 2026
status, LSWS running: 1
Wed Jul 15 00:54:30 EDT 2026
status, LSWS running: 1
Wed Jul 15 00:55:30 EDT 2026
status, LSWS running: 1
Wed Jul 15 00:56:30 EDT 2026
status, LSWS running: 1
Wed Jul 15 00:57:30 EDT 2026
status, LSWS running: 1
Wed Jul 15 00:58:30 EDT 2026
status, LSWS running: 1
Wed Jul 15 00:59:30 EDT 2026
status, LSWS running: 1
Wed Jul 15 01:00:30 EDT 2026
status, LSWS running: 1
Wed Jul 15 01:01:30 EDT 2026
status, LSWS running: 1
Wed Jul 15 01:02:30 EDT 2026
status, LSWS running: 1
Wed Jul 15 01:03:30 EDT 2026
status, LSWS running: 1
Wed Jul 15 01:04:30 EDT 2026
status, LSWS running: 1
Wed Jul 15 01:05:30 EDT 2026
status, LSWS running: 1
Wed Jul 15 01:06:30 EDT 2026
status, LSWS running: 1
Wed Jul 15 01:07:30 EDT 2026
status, LSWS running: 1
Wed Jul 15 01:08:30 EDT 2026
status, LSWS running: 1
Wed Jul 15 01:09:30 EDT 2026
status, LSWS running: 1
Wed Jul 15 01:10:30 EDT 2026
status, LSWS running: 1
Wed Jul 15 01:11:30 EDT 2026
status, LSWS running: 1
Wed Jul 15 01:12:30 EDT 2026
status, LSWS running: 1
Wed Jul 15 01:13:30 EDT 2026
status, LSWS running: 1
Wed Jul 15 01:14:30 EDT 2026
status, LSWS running: 1
Wed Jul 15 01:15:30 EDT 2026
status, LSWS running: 1
Wed Jul 15 01:16:30 EDT 2026
status, LSWS running: 1
Wed Jul 15 01:17:30 EDT 2026
status, LSWS running: 1
Wed Jul 15 01:18:30 EDT 2026
status, LSWS running: 1
Wed Jul 15 01:19:30 EDT 2026
status, LSWS running: 1
Wed Jul 15 01:20:30 EDT 2026
status, LSWS running: 1
Wed Jul 15 01:21:30 EDT 2026
status, LSWS running: 1
Wed Jul 15 01:22:30 EDT 2026
status, LSWS running: 1
Wed Jul 15 01:23:30 EDT 2026
status, LSWS running: 1
Wed Jul 15 01:24:30 EDT 2026
status, LSWS running: 1
Wed Jul 15 01:25:30 EDT 2026
status, LSWS running: 1
Wed Jul 15 01:26:30 EDT 2026
status, LSWS running: 1
Wed Jul 15 01:27:30 EDT 2026
status, LSWS running: 1
Wed Jul 15 01:28:30 EDT 2026
status, LSWS running: 1
Wed Jul 15 01:29:30 EDT 2026
status, LSWS running: 1
Wed Jul 15 01:30:30 EDT 2026
status, LSWS running: 1
Wed Jul 15 01:31:30 EDT 2026
status, LSWS running: 1
Wed Jul 15 01:32:30 EDT 2026
status, LSWS running: 1
Wed Jul 15 01:33:30 EDT 2026
status, LSWS running: 1
Wed Jul 15 01:34:30 EDT 2026
status, LSWS running: 1
Wed Jul 15 01:35:30 EDT 2026
status, LSWS running: 1
Wed Jul 15 01:36:30 EDT 2026
status, LSWS running: 1
Wed Jul 15 01:37:30 EDT 2026
status, LSWS running: 1
Wed Jul 15 01:38:30 EDT 2026
status, LSWS running: 1
Wed Jul 15 01:39:30 EDT 2026
status, LSWS running: 1
Wed Jul 15 01:40:30 EDT 2026
status, LSWS running: 1
Wed Jul 15 01:41:30 EDT 2026
status, LSWS running: 1
Wed Jul 15 01:42:30 EDT 2026
status, LSWS running: 1
Wed Jul 15 01:43:30 EDT 2026
status, LSWS running: 1
Wed Jul 15 01:44:30 EDT 2026
status, LSWS running: 1
Wed Jul 15 01:45:30 EDT 2026
status, LSWS running: 1
Wed Jul 15 01:46:30 EDT 2026
status, LSWS running: 1
Wed Jul 15 01:47:30 EDT 2026
status, LSWS running: 1
Wed Jul 15 01:48:30 EDT 2026
status, LSWS running: 1
Wed Jul 15 01:49:30 EDT 2026
status, LSWS running: 1
Wed Jul 15 01:50:30 EDT 2026
status, LSWS running: 1
Wed Jul 15 01:51:30 EDT 2026
status, LSWS running: 1
Wed Jul 15 01:52:30 EDT 2026
status, LSWS running: 1
Wed Jul 15 01:53:30 EDT 2026
status, LSWS running: 1
Wed Jul 15 01:54:30 EDT 2026
status, LSWS running: 1
Wed Jul 15 01:55:30 EDT 2026
status, LSWS running: 1
Wed Jul 15 01:56:30 EDT 2026
status, LSWS running: 1
Wed Jul 15 01:57:30 EDT 2026
status, LSWS running: 1
Wed Jul 15 01:58:30 EDT 2026
status, LSWS running: 1
Wed Jul 15 01:59:30 EDT 2026
status, LSWS running: 1
Wed Jul 15 02:00:30 EDT 2026
status, LSWS running: 1
Wed Jul 15 02:01:30 EDT 2026
status, LSWS running: 1
Wed Jul 15 02:02:30 EDT 2026
status, LSWS running: 1
Wed Jul 15 02:03:30 EDT 2026
status, LSWS running: 1
Wed Jul 15 02:04:30 EDT 2026
status, LSWS running: 1
Wed Jul 15 02:05:30 EDT 2026
status, LSWS running: 1
Wed Jul 15 02:06:30 EDT 2026
status, LSWS running: 1
Wed Jul 15 02:07:30 EDT 2026
status, LSWS running: 1
Wed Jul 15 02:08:30 EDT 2026
status, LSWS running: 1
Wed Jul 15 02:09:30 EDT 2026
status, LSWS running: 1
Wed Jul 15 02:10:30 EDT 2026
status, LSWS running: 1
Wed Jul 15 02:11:30 EDT 2026
status, LSWS running: 1
Wed Jul 15 02:12:30 EDT 2026
status, LSWS running: 1
Wed Jul 15 02:13:30 EDT 2026
status, LSWS running: 1
Wed Jul 15 02:14:30 EDT 2026
status, LSWS running: 1
Wed Jul 15 02:15:30 EDT 2026
status, LSWS running: 1
Wed Jul 15 02:16:30 EDT 2026
status, LSWS running: 1
Wed Jul 15 02:17:30 EDT 2026
status, LSWS running: 1
Wed Jul 15 02:18:30 EDT 2026
status, LSWS running: 1
Wed Jul 15 02:19:31 EDT 2026
status, LSWS running: 1
Wed Jul 15 02:20:31 EDT 2026
status, LSWS running: 1
Wed Jul 15 02:21:31 EDT 2026
status, LSWS running: 1
Wed Jul 15 02:22:31 EDT 2026
status, LSWS running: 1
Wed Jul 15 02:23:31 EDT 2026
status, LSWS running: 1
Wed Jul 15 02:24:31 EDT 2026
status, LSWS running: 1
Wed Jul 15 02:25:31 EDT 2026
status, LSWS running: 1
Wed Jul 15 02:26:31 EDT 2026
status, LSWS running: 1
Wed Jul 15 02:27:31 EDT 2026
status, LSWS running: 1
Wed Jul 15 02:28:31 EDT 2026
status, LSWS running: 1
Wed Jul 15 02:29:31 EDT 2026
status, LSWS running: 1
Wed Jul 15 02:30:31 EDT 2026
status, LSWS running: 1
Wed Jul 15 02:31:31 EDT 2026
status, LSWS running: 1
Wed Jul 15 02:32:31 EDT 2026
status, LSWS running: 1
Wed Jul 15 02:33:31 EDT 2026
status, LSWS running: 1
Wed Jul 15 02:34:31 EDT 2026
status, LSWS running: 1
Wed Jul 15 02:35:31 EDT 2026
status, LSWS running: 1
Wed Jul 15 02:36:31 EDT 2026
status, LSWS running: 1
Wed Jul 15 02:37:31 EDT 2026
status, LSWS running: 1
Wed Jul 15 02:38:31 EDT 2026
status, LSWS running: 1
Wed Jul 15 02:39:31 EDT 2026
status, LSWS running: 1
Wed Jul 15 02:40:31 EDT 2026
status, LSWS running: 1
Wed Jul 15 02:41:31 EDT 2026
status, LSWS running: 1
Wed Jul 15 02:42:31 EDT 2026
status, LSWS running: 1
Wed Jul 15 02:43:31 EDT 2026
status, LSWS running: 1
Wed Jul 15 02:44:31 EDT 2026
status, LSWS running: 1
Wed Jul 15 02:45:31 EDT 2026
status, LSWS running: 1
Wed Jul 15 02:46:31 EDT 2026
status, LSWS running: 1
Wed Jul 15 02:47:31 EDT 2026
status, LSWS running: 1
Wed Jul 15 02:48:31 EDT 2026
status, LSWS running: 1
Wed Jul 15 02:49:31 EDT 2026
status, LSWS running: 1
Wed Jul 15 02:50:31 EDT 2026
status, LSWS running: 1
Wed Jul 15 02:51:31 EDT 2026
status, LSWS running: 1
Wed Jul 15 02:52:31 EDT 2026
status, LSWS running: 1
Wed Jul 15 02:53:31 EDT 2026
status, LSWS running: 1
Wed Jul 15 02:54:31 EDT 2026
status, LSWS running: 1
Wed Jul 15 02:55:31 EDT 2026
status, LSWS running: 1
Wed Jul 15 02:56:31 EDT 2026
status, LSWS running: 1
Wed Jul 15 02:57:31 EDT 2026
status, LSWS running: 1
Wed Jul 15 02:58:31 EDT 2026
status, LSWS running: 1
Wed Jul 15 02:59:31 EDT 2026
status, LSWS running: 1
Wed Jul 15 03:00:31 EDT 2026
status, LSWS running: 1
Wed Jul 15 03:01:31 EDT 2026
status, LSWS running: 1
Wed Jul 15 03:02:31 EDT 2026
status, LSWS running: 1
Wed Jul 15 03:03:31 EDT 2026
status, LSWS running: 1
Wed Jul 15 03:04:31 EDT 2026
status, LSWS running: 1
Wed Jul 15 03:05:31 EDT 2026
status, LSWS running: 1
Wed Jul 15 03:06:31 EDT 2026
status, LSWS running: 1
Wed Jul 15 03:07:31 EDT 2026
status, LSWS running: 1
Wed Jul 15 03:08:31 EDT 2026
status, LSWS running: 1
Wed Jul 15 03:09:31 EDT 2026
status, LSWS running: 1
Wed Jul 15 03:10:31 EDT 2026
status, LSWS running: 1
Wed Jul 15 03:11:31 EDT 2026
status, LSWS running: 1
Wed Jul 15 03:12:31 EDT 2026
status, LSWS running: 1
Wed Jul 15 03:13:31 EDT 2026
status, LSWS running: 1
Wed Jul 15 03:14:31 EDT 2026
status, LSWS running: 1
Wed Jul 15 03:15:31 EDT 2026
status, LSWS running: 1
Wed Jul 15 03:16:31 EDT 2026
status, LSWS running: 1
Wed Jul 15 03:17:31 EDT 2026
status, LSWS running: 1
Wed Jul 15 03:18:31 EDT 2026
status, LSWS running: 1
Wed Jul 15 03:19:31 EDT 2026
status, LSWS running: 1
Wed Jul 15 03:20:31 EDT 2026
status, LSWS running: 1
Wed Jul 15 03:21:31 EDT 2026
status, LSWS running: 1
Wed Jul 15 03:22:31 EDT 2026
status, LSWS running: 1
Wed Jul 15 03:23:31 EDT 2026
status, LSWS running: 1
Wed Jul 15 03:24:31 EDT 2026
status, LSWS running: 1
Wed Jul 15 03:25:32 EDT 2026
status, LSWS running: 1
Wed Jul 15 03:26:32 EDT 2026
status, LSWS running: 1
Wed Jul 15 03:27:32 EDT 2026
status, LSWS running: 1
Wed Jul 15 03:28:32 EDT 2026
status, LSWS running: 1
Wed Jul 15 03:29:32 EDT 2026
status, LSWS running: 1
Wed Jul 15 03:30:32 EDT 2026
status, LSWS running: 1
Wed Jul 15 03:31:32 EDT 2026
status, LSWS running: 1
Wed Jul 15 03:32:32 EDT 2026
status, LSWS running: 1
Wed Jul 15 03:33:32 EDT 2026
status, LSWS running: 1
Wed Jul 15 03:34:32 EDT 2026
status, LSWS running: 1
Wed Jul 15 03:35:32 EDT 2026
status, LSWS running: 1
Wed Jul 15 03:36:32 EDT 2026
status, LSWS running: 1
Wed Jul 15 03:37:32 EDT 2026
status, LSWS running: 1
Wed Jul 15 03:38:32 EDT 2026
status, LSWS running: 1
Wed Jul 15 03:39:32 EDT 2026
status, LSWS running: 1
Wed Jul 15 03:40:32 EDT 2026
status, LSWS running: 1
Wed Jul 15 03:41:32 EDT 2026
status, LSWS running: 1
Wed Jul 15 03:42:32 EDT 2026
status, LSWS running: 1
Wed Jul 15 03:43:32 EDT 2026
status, LSWS running: 1
Wed Jul 15 03:44:32 EDT 2026
status, LSWS running: 1
Wed Jul 15 03:45:32 EDT 2026
status, LSWS running: 1
Wed Jul 15 03:46:32 EDT 2026
status, LSWS running: 1
Wed Jul 15 03:47:32 EDT 2026
status, LSWS running: 1
Wed Jul 15 03:48:32 EDT 2026
status, LSWS running: 1
Wed Jul 15 03:49:32 EDT 2026
status, LSWS running: 1
Wed Jul 15 03:50:32 EDT 2026
status, LSWS running: 1
Wed Jul 15 03:51:32 EDT 2026
status, LSWS running: 1
Wed Jul 15 03:52:32 EDT 2026
status, LSWS running: 1
Wed Jul 15 03:53:32 EDT 2026
status, LSWS running: 1
Wed Jul 15 03:54:32 EDT 2026
status, LSWS running: 1
Wed Jul 15 03:55:32 EDT 2026
status, LSWS running: 1
Wed Jul 15 03:56:32 EDT 2026
status, LSWS running: 1
Wed Jul 15 03:57:32 EDT 2026
status, LSWS running: 1
Wed Jul 15 03:58:32 EDT 2026
status, LSWS running: 1
Wed Jul 15 03:59:32 EDT 2026
status, LSWS running: 1
Wed Jul 15 04:00:32 EDT 2026
status, LSWS running: 1
Wed Jul 15 04:01:32 EDT 2026
status, LSWS running: 1
Wed Jul 15 04:02:32 EDT 2026
status, LSWS running: 1
Wed Jul 15 04:03:32 EDT 2026
status, LSWS running: 1
Wed Jul 15 04:04:32 EDT 2026
status, LSWS running: 1
Wed Jul 15 04:05:32 EDT 2026
status, LSWS running: 1
Wed Jul 15 04:06:32 EDT 2026
status, LSWS running: 1
Wed Jul 15 04:07:32 EDT 2026
status, LSWS running: 1
Wed Jul 15 04:08:32 EDT 2026
status, LSWS running: 1
Wed Jul 15 04:09:32 EDT 2026
status, LSWS running: 1
Wed Jul 15 04:10:32 EDT 2026
status, LSWS running: 1
Wed Jul 15 04:11:32 EDT 2026
status, LSWS running: 1
Wed Jul 15 04:12:32 EDT 2026
status, LSWS running: 1
Wed Jul 15 04:13:32 EDT 2026
status, LSWS running: 1
Wed Jul 15 04:14:32 EDT 2026
status, LSWS running: 1
Wed Jul 15 04:15:32 EDT 2026
status, LSWS running: 1
Wed Jul 15 04:16:32 EDT 2026
status, LSWS running: 1
Wed Jul 15 04:17:32 EDT 2026
status, LSWS running: 1
Wed Jul 15 04:18:32 EDT 2026
status, LSWS running: 1
Wed Jul 15 04:19:33 EDT 2026
status, LSWS running: 1
Wed Jul 15 04:20:33 EDT 2026
status, LSWS running: 1
Wed Jul 15 04:21:33 EDT 2026
status, LSWS running: 1
Wed Jul 15 04:22:33 EDT 2026
status, LSWS running: 1
Wed Jul 15 04:23:33 EDT 2026
status, LSWS running: 1
Wed Jul 15 04:24:33 EDT 2026
status, LSWS running: 1
Wed Jul 15 04:25:33 EDT 2026
status, LSWS running: 1
Wed Jul 15 04:26:33 EDT 2026
status, LSWS running: 1
Wed Jul 15 04:27:33 EDT 2026
status, LSWS running: 1
Wed Jul 15 04:28:33 EDT 2026
status, LSWS running: 1
Wed Jul 15 04:29:33 EDT 2026
status, LSWS running: 1
Wed Jul 15 04:30:33 EDT 2026
status, LSWS running: 1
Wed Jul 15 04:31:33 EDT 2026
status, LSWS running: 1
Wed Jul 15 04:32:33 EDT 2026
status, LSWS running: 1
Wed Jul 15 04:33:33 EDT 2026
status, LSWS running: 1
Wed Jul 15 04:34:33 EDT 2026
status, LSWS running: 1
Wed Jul 15 04:35:33 EDT 2026
status, LSWS running: 1
Wed Jul 15 04:36:33 EDT 2026
status, LSWS running: 1
Wed Jul 15 04:37:33 EDT 2026
status, LSWS running: 1
Wed Jul 15 04:38:33 EDT 2026
status, LSWS running: 1
Wed Jul 15 04:39:33 EDT 2026
status, LSWS running: 1
Wed Jul 15 04:40:33 EDT 2026
status, LSWS running: 1
Wed Jul 15 04:41:33 EDT 2026
status, LSWS running: 1
Wed Jul 15 04:42:33 EDT 2026
status, LSWS running: 1
Wed Jul 15 04:43:33 EDT 2026
status, LSWS running: 1
Wed Jul 15 04:44:33 EDT 2026
status, LSWS running: 1
Wed Jul 15 04:45:33 EDT 2026
status, LSWS running: 1
Wed Jul 15 04:46:33 EDT 2026
status, LSWS running: 1
Wed Jul 15 04:47:33 EDT 2026
status, LSWS running: 1
Wed Jul 15 04:48:33 EDT 2026
status, LSWS running: 1
Wed Jul 15 04:49:33 EDT 2026
status, LSWS running: 1
Wed Jul 15 04:50:33 EDT 2026
status, LSWS running: 1
Wed Jul 15 04:51:33 EDT 2026
status, LSWS running: 1
Wed Jul 15 04:52:33 EDT 2026
status, LSWS running: 1
Wed Jul 15 04:53:33 EDT 2026
status, LSWS running: 1
Wed Jul 15 04:54:33 EDT 2026
status, LSWS running: 1
Wed Jul 15 04:55:33 EDT 2026
status, LSWS running: 1
Wed Jul 15 04:56:33 EDT 2026
status, LSWS running: 1
Wed Jul 15 04:57:33 EDT 2026
status, LSWS running: 1
Wed Jul 15 04:58:33 EDT 2026
status, LSWS running: 1
Wed Jul 15 04:59:33 EDT 2026
status, LSWS running: 1
Wed Jul 15 05:00:33 EDT 2026
status, LSWS running: 1
Wed Jul 15 05:01:33 EDT 2026
status, LSWS running: 1
Wed Jul 15 05:02:33 EDT 2026
status, LSWS running: 1
Wed Jul 15 05:03:33 EDT 2026
status, LSWS running: 1
Wed Jul 15 05:04:33 EDT 2026
status, LSWS running: 1
Wed Jul 15 05:05:33 EDT 2026
status, LSWS running: 1
Wed Jul 15 05:06:33 EDT 2026
status, LSWS running: 1
Wed Jul 15 05:07:33 EDT 2026
status, LSWS running: 1
Wed Jul 15 05:08:33 EDT 2026
status, LSWS running: 1
Wed Jul 15 05:09:33 EDT 2026
status, LSWS running: 1
Wed Jul 15 05:10:33 EDT 2026
status, LSWS running: 1
Wed Jul 15 05:11:33 EDT 2026
status, LSWS running: 1
Wed Jul 15 05:12:33 EDT 2026
status, LSWS running: 1
Wed Jul 15 05:13:33 EDT 2026
status, LSWS running: 1
Wed Jul 15 05:14:33 EDT 2026
status, LSWS running: 1
Wed Jul 15 05:15:33 EDT 2026
status, LSWS running: 1
Wed Jul 15 05:16:33 EDT 2026
status, LSWS running: 1
Wed Jul 15 05:17:33 EDT 2026
status, LSWS running: 1
Wed Jul 15 05:18:33 EDT 2026
status, LSWS running: 1
Wed Jul 15 05:19:33 EDT 2026
status, LSWS running: 1
Wed Jul 15 05:20:33 EDT 2026
status, LSWS running: 1
Wed Jul 15 05:21:33 EDT 2026
status, LSWS running: 1
Wed Jul 15 05:22:33 EDT 2026
status, LSWS running: 1
Wed Jul 15 05:23:33 EDT 2026
status, LSWS running: 1
Wed Jul 15 05:24:33 EDT 2026
status, LSWS running: 1
Wed Jul 15 05:25:33 EDT 2026
status, LSWS running: 1
Wed Jul 15 05:26:33 EDT 2026
status, LSWS running: 1
Wed Jul 15 05:27:33 EDT 2026
status, LSWS running: 1
Wed Jul 15 05:28:33 EDT 2026
status, LSWS running: 1
Wed Jul 15 05:29:33 EDT 2026
status, LSWS running: 1
Wed Jul 15 05:30:33 EDT 2026
status, LSWS running: 1
Wed Jul 15 05:31:33 EDT 2026
status, LSWS running: 1
Wed Jul 15 05:32:33 EDT 2026
status, LSWS running: 1
Wed Jul 15 05:33:33 EDT 2026
status, LSWS running: 1
Wed Jul 15 05:34:33 EDT 2026
status, LSWS running: 1
Wed Jul 15 05:35:33 EDT 2026
status, LSWS running: 1
Wed Jul 15 05:36:33 EDT 2026
status, LSWS running: 1
Wed Jul 15 05:37:33 EDT 2026
status, LSWS running: 1
Wed Jul 15 05:38:33 EDT 2026
status, LSWS running: 1
Wed Jul 15 05:39:33 EDT 2026
status, LSWS running: 1
Wed Jul 15 05:40:33 EDT 2026
status, LSWS running: 1
Wed Jul 15 05:41:33 EDT 2026
status, LSWS running: 1
Wed Jul 15 05:42:33 EDT 2026
status, LSWS running: 1
Wed Jul 15 05:43:33 EDT 2026
status, LSWS running: 1
Wed Jul 15 05:44:33 EDT 2026
status, LSWS running: 1
Wed Jul 15 05:45:33 EDT 2026
status, LSWS running: 1
Wed Jul 15 05:46:33 EDT 2026
status, LSWS running: 1
Wed Jul 15 05:47:34 EDT 2026
status, LSWS running: 1
Wed Jul 15 05:48:34 EDT 2026
status, LSWS running: 1
Wed Jul 15 05:49:34 EDT 2026
status, LSWS running: 1
Wed Jul 15 05:50:34 EDT 2026
status, LSWS running: 1
Wed Jul 15 05:51:34 EDT 2026
status, LSWS running: 1
Wed Jul 15 05:52:34 EDT 2026
status, LSWS running: 1
Wed Jul 15 05:53:34 EDT 2026
status, LSWS running: 1
Wed Jul 15 05:54:34 EDT 2026
status, LSWS running: 1
Wed Jul 15 05:55:34 EDT 2026
status, LSWS running: 1
Wed Jul 15 05:56:34 EDT 2026
status, LSWS running: 1
Wed Jul 15 05:57:34 EDT 2026
status, LSWS running: 1
Wed Jul 15 05:58:34 EDT 2026
status, LSWS running: 1
Wed Jul 15 05:59:34 EDT 2026
status, LSWS running: 1
Wed Jul 15 06:00:34 EDT 2026
status, LSWS running: 1
Wed Jul 15 06:01:34 EDT 2026
status, LSWS running: 1
Wed Jul 15 06:02:34 EDT 2026
status, LSWS running: 1
Wed Jul 15 06:03:34 EDT 2026
status, LSWS running: 1
Wed Jul 15 06:04:34 EDT 2026
status, LSWS running: 1
Wed Jul 15 06:05:34 EDT 2026
status, LSWS running: 1
Wed Jul 15 06:06:34 EDT 2026
status, LSWS running: 1
Wed Jul 15 06:07:34 EDT 2026
status, LSWS running: 1
Wed Jul 15 06:08:34 EDT 2026
status, LSWS running: 1
Wed Jul 15 06:09:34 EDT 2026
status, LSWS running: 1
Wed Jul 15 06:10:34 EDT 2026
status, LSWS running: 1
Wed Jul 15 06:11:34 EDT 2026
status, LSWS running: 1
Wed Jul 15 06:12:34 EDT 2026
status, LSWS running: 1
Wed Jul 15 06:13:34 EDT 2026
status, LSWS running: 1
Wed Jul 15 06:14:34 EDT 2026
status, LSWS running: 1
Wed Jul 15 06:15:34 EDT 2026
status, LSWS running: 1
Wed Jul 15 06:16:34 EDT 2026
status, LSWS running: 1
Wed Jul 15 06:17:34 EDT 2026
status, LSWS running: 1
Wed Jul 15 06:18:34 EDT 2026
status, LSWS running: 1
Wed Jul 15 06:19:34 EDT 2026
status, LSWS running: 1
Wed Jul 15 06:20:34 EDT 2026
status, LSWS running: 1
Wed Jul 15 06:21:34 EDT 2026
status, LSWS running: 1
Wed Jul 15 06:22:34 EDT 2026
status, LSWS running: 1
Wed Jul 15 06:23:34 EDT 2026
status, LSWS running: 1
Wed Jul 15 06:24:34 EDT 2026
status, LSWS running: 1
Wed Jul 15 06:25:34 EDT 2026
status, LSWS running: 1
Wed Jul 15 06:26:34 EDT 2026
status, LSWS running: 1
Wed Jul 15 06:27:34 EDT 2026
status, LSWS running: 1
Wed Jul 15 06:28:34 EDT 2026
status, LSWS running: 1
Wed Jul 15 06:29:34 EDT 2026
status, LSWS running: 1
Wed Jul 15 06:30:34 EDT 2026
status, LSWS running: 1
Wed Jul 15 06:31:34 EDT 2026
status, LSWS running: 1
Wed Jul 15 06:32:34 EDT 2026
status, LSWS running: 1
Wed Jul 15 06:33:34 EDT 2026
status, LSWS running: 1
Wed Jul 15 06:34:34 EDT 2026
status, LSWS running: 1
Wed Jul 15 06:35:34 EDT 2026
status, LSWS running: 1
Wed Jul 15 06:36:34 EDT 2026
status, LSWS running: 1
Wed Jul 15 06:37:34 EDT 2026
status, LSWS running: 1
Wed Jul 15 06:38:34 EDT 2026
status, LSWS running: 1
Wed Jul 15 06:39:34 EDT 2026
status, LSWS running: 1
Wed Jul 15 06:40:34 EDT 2026
status, LSWS running: 1
Wed Jul 15 06:41:34 EDT 2026
status, LSWS running: 1
Wed Jul 15 06:42:34 EDT 2026
status, LSWS running: 1
Wed Jul 15 06:43:34 EDT 2026
status, LSWS running: 1
Wed Jul 15 06:44:34 EDT 2026
status, LSWS running: 1
Wed Jul 15 06:45:34 EDT 2026
status, LSWS running: 1
Wed Jul 15 06:46:34 EDT 2026
status, LSWS running: 1
Wed Jul 15 06:47:34 EDT 2026
status, LSWS running: 1
Wed Jul 15 06:48:34 EDT 2026
status, LSWS running: 1
Wed Jul 15 06:49:34 EDT 2026
status, LSWS running: 1
Wed Jul 15 06:50:34 EDT 2026
status, LSWS running: 1
Wed Jul 15 06:51:34 EDT 2026
status, LSWS running: 1
Wed Jul 15 06:52:34 EDT 2026
status, LSWS running: 1
Wed Jul 15 06:53:34 EDT 2026
status, LSWS running: 1
Wed Jul 15 06:54:34 EDT 2026
status, LSWS running: 1
Wed Jul 15 06:55:34 EDT 2026
status, LSWS running: 1
Wed Jul 15 06:56:34 EDT 2026
status, LSWS running: 1
Wed Jul 15 06:57:34 EDT 2026
status, LSWS running: 1
Wed Jul 15 06:58:34 EDT 2026
status, LSWS running: 1
Wed Jul 15 06:59:34 EDT 2026
status, LSWS running: 1
Wed Jul 15 07:00:34 EDT 2026
status, LSWS running: 1
Wed Jul 15 07:01:35 EDT 2026
status, LSWS running: 1
Wed Jul 15 07:02:35 EDT 2026
status, LSWS running: 1
Wed Jul 15 07:03:35 EDT 2026
status, LSWS running: 1
Wed Jul 15 07:04:35 EDT 2026
status, LSWS running: 1
Wed Jul 15 07:05:35 EDT 2026
status, LSWS running: 1
Wed Jul 15 07:06:35 EDT 2026
status, LSWS running: 1
Wed Jul 15 07:07:35 EDT 2026
status, LSWS running: 1
Wed Jul 15 07:08:35 EDT 2026
status, LSWS running: 1
Wed Jul 15 07:09:35 EDT 2026
status, LSWS running: 1
Wed Jul 15 07:10:35 EDT 2026
status, LSWS running: 1
Wed Jul 15 07:11:35 EDT 2026
status, LSWS running: 1
Wed Jul 15 07:12:35 EDT 2026
status, LSWS running: 1
Wed Jul 15 07:13:35 EDT 2026
status, LSWS running: 1
Wed Jul 15 07:14:35 EDT 2026
status, LSWS running: 1
Wed Jul 15 07:15:35 EDT 2026
status, LSWS running: 1
Wed Jul 15 07:16:35 EDT 2026
status, LSWS running: 1
Wed Jul 15 07:17:35 EDT 2026
status, LSWS running: 1
Wed Jul 15 07:18:35 EDT 2026
status, LSWS running: 1
Wed Jul 15 07:19:35 EDT 2026
status, LSWS running: 1
Wed Jul 15 07:20:35 EDT 2026
status, LSWS running: 1
Wed Jul 15 07:21:35 EDT 2026
status, LSWS running: 1
Wed Jul 15 07:22:35 EDT 2026
status, LSWS running: 1
Wed Jul 15 07:23:35 EDT 2026
status, LSWS running: 1
Wed Jul 15 07:24:35 EDT 2026
status, LSWS running: 1
Wed Jul 15 07:25:35 EDT 2026
status, LSWS running: 1
Wed Jul 15 07:26:35 EDT 2026
status, LSWS running: 1
Wed Jul 15 07:27:35 EDT 2026
status, LSWS running: 1
Wed Jul 15 07:28:35 EDT 2026
status, LSWS running: 1
Wed Jul 15 07:29:35 EDT 2026
status, LSWS running: 1
Wed Jul 15 07:30:35 EDT 2026
status, LSWS running: 1
Wed Jul 15 07:31:35 EDT 2026
status, LSWS running: 1
Wed Jul 15 07:32:35 EDT 2026
status, LSWS running: 1
Wed Jul 15 07:33:35 EDT 2026
status, LSWS running: 1
Wed Jul 15 07:34:35 EDT 2026
status, LSWS running: 1
Wed Jul 15 07:35:35 EDT 2026
status, LSWS running: 1
Wed Jul 15 07:36:35 EDT 2026
status, LSWS running: 1
Wed Jul 15 07:37:35 EDT 2026
status, LSWS running: 1
Wed Jul 15 07:38:35 EDT 2026
status, LSWS running: 1
Wed Jul 15 07:39:35 EDT 2026
status, LSWS running: 1
Wed Jul 15 07:40:35 EDT 2026
status, LSWS running: 1
Wed Jul 15 07:41:35 EDT 2026
status, LSWS running: 1
Wed Jul 15 07:42:35 EDT 2026
status, LSWS running: 1
Wed Jul 15 07:43:35 EDT 2026
status, LSWS running: 1
Wed Jul 15 07:44:35 EDT 2026
status, LSWS running: 1
Wed Jul 15 07:45:35 EDT 2026
status, LSWS running: 1
Wed Jul 15 07:46:35 EDT 2026
status, LSWS running: 1
Wed Jul 15 07:47:35 EDT 2026
status, LSWS running: 1
Wed Jul 15 07:48:35 EDT 2026
status, LSWS running: 1
Wed Jul 15 07:49:35 EDT 2026
status, LSWS running: 1
Wed Jul 15 07:50:35 EDT 2026
status, LSWS running: 1
Wed Jul 15 07:51:35 EDT 2026
status, LSWS running: 1
Wed Jul 15 07:52:35 EDT 2026
status, LSWS running: 1
Wed Jul 15 07:53:35 EDT 2026
status, LSWS running: 1
Wed Jul 15 07:54:35 EDT 2026
status, LSWS running: 1
Wed Jul 15 07:55:35 EDT 2026
status, LSWS running: 1
Wed Jul 15 07:56:35 EDT 2026
status, LSWS running: 1
Wed Jul 15 07:57:35 EDT 2026
status, LSWS running: 1
Wed Jul 15 07:58:35 EDT 2026
status, LSWS running: 1
Wed Jul 15 07:59:35 EDT 2026
status, LSWS running: 1
Wed Jul 15 08:00:35 EDT 2026
status, LSWS running: 1
Wed Jul 15 08:01:35 EDT 2026
status, LSWS running: 1
Wed Jul 15 08:07:17 EDT 2026
status, LSWS running: 1
Wed Jul 15 08:36:50 EDT 2026
status, LSWS running: 1
Wed Jul 15 08:38:14 EDT 2026
status, LSWS running: 1
Wed Jul 15 08:39:15 EDT 2026
status, LSWS running: 1
Wed Jul 15 08:40:15 EDT 2026
status, LSWS running: 1
Wed Jul 15 08:44:40 EDT 2026
status, LSWS running: 1
Wed Jul 15 08:45:40 EDT 2026
status, LSWS running: 1
Wed Jul 15 08:46:40 EDT 2026
status, LSWS running: 1
Wed Jul 15 08:47:40 EDT 2026
status, LSWS running: 1
Wed Jul 15 08:48:40 EDT 2026
status, LSWS running: 1
Wed Jul 15 08:49:40 EDT 2026
status, LSWS running: 1
Wed Jul 15 08:50:40 EDT 2026
status, LSWS running: 1
Wed Jul 15 08:51:40 EDT 2026
status, LSWS running: 1
Wed Jul 15 08:52:40 EDT 2026
status, LSWS running: 1
Wed Jul 15 08:53:40 EDT 2026
status, LSWS running: 1
Wed Jul 15 08:54:40 EDT 2026
status, LSWS running: 1
Wed Jul 15 08:55:40 EDT 2026
status, LSWS running: 1
Wed Jul 15 08:56:40 EDT 2026
status, LSWS running: 1
Wed Jul 15 08:57:40 EDT 2026
status, LSWS running: 1
Wed Jul 15 08:58:40 EDT 2026
status, LSWS running: 1
Wed Jul 15 08:59:40 EDT 2026
status, LSWS running: 1
Wed Jul 15 09:00:40 EDT 2026
status, LSWS running: 1
Wed Jul 15 09:01:40 EDT 2026
status, LSWS running: 1
Wed Jul 15 09:02:40 EDT 2026
status, LSWS running: 1
Wed Jul 15 09:03:40 EDT 2026
status, LSWS running: 1
Wed Jul 15 09:04:40 EDT 2026
status, LSWS running: 1
Wed Jul 15 09:05:40 EDT 2026
status, LSWS running: 1
Wed Jul 15 09:06:40 EDT 2026
status, LSWS running: 1
Wed Jul 15 09:07:40 EDT 2026
status, LSWS running: 1
Wed Jul 15 09:08:40 EDT 2026
status, LSWS running: 1
Wed Jul 15 09:09:40 EDT 2026
status, LSWS running: 1
Wed Jul 15 09:10:40 EDT 2026
status, LSWS running: 1
Wed Jul 15 09:11:40 EDT 2026
status, LSWS running: 1
Wed Jul 15 09:12:40 EDT 2026
status, LSWS running: 1
Wed Jul 15 09:13:40 EDT 2026
status, LSWS running: 1
Wed Jul 15 09:14:40 EDT 2026
status, LSWS running: 1
Wed Jul 15 09:15:40 EDT 2026
status, LSWS running: 1
Wed Jul 15 09:16:40 EDT 2026
status, LSWS running: 1
Wed Jul 15 09:17:40 EDT 2026
status, LSWS running: 1
Wed Jul 15 09:18:40 EDT 2026
status, LSWS running: 1
Wed Jul 15 09:19:40 EDT 2026
status, LSWS running: 1
Wed Jul 15 09:20:40 EDT 2026
status, LSWS running: 1
Wed Jul 15 09:21:40 EDT 2026
status, LSWS running: 1
Wed Jul 15 09:22:40 EDT 2026
status, LSWS running: 1
Wed Jul 15 09:23:40 EDT 2026
status, LSWS running: 1
Wed Jul 15 09:24:40 EDT 2026
status, LSWS running: 1
Wed Jul 15 09:25:40 EDT 2026
status, LSWS running: 1
Wed Jul 15 09:26:40 EDT 2026
status, LSWS running: 1
Wed Jul 15 09:27:40 EDT 2026
status, LSWS running: 1
Wed Jul 15 09:28:40 EDT 2026
status, LSWS running: 1
Wed Jul 15 09:29:40 EDT 2026
status, LSWS running: 1
Wed Jul 15 09:30:40 EDT 2026
status, LSWS running: 1
Wed Jul 15 09:31:40 EDT 2026
status, LSWS running: 1
Wed Jul 15 09:32:40 EDT 2026
status, LSWS running: 1
Wed Jul 15 09:33:40 EDT 2026
status, LSWS running: 1
Wed Jul 15 09:34:40 EDT 2026
status, LSWS running: 1
Wed Jul 15 09:40:03 EDT 2026
status, LSWS running: 1
Wed Jul 15 09:41:03 EDT 2026
status, LSWS running: 1
Wed Jul 15 09:42:03 EDT 2026
status, LSWS running: 1
Wed Jul 15 09:43:03 EDT 2026
status, LSWS running: 1
Wed Jul 15 09:44:03 EDT 2026
status, LSWS running: 1
Wed Jul 15 09:45:03 EDT 2026
status, LSWS running: 1
Wed Jul 15 09:46:03 EDT 2026
status, LSWS running: 1
Wed Jul 15 09:47:03 EDT 2026
status, LSWS running: 1
Wed Jul 15 09:48:03 EDT 2026
status, LSWS running: 1
Wed Jul 15 09:49:03 EDT 2026
status, LSWS running: 1
Wed Jul 15 09:50:03 EDT 2026
status, LSWS running: 1
Wed Jul 15 09:51:03 EDT 2026
status, LSWS running: 1
Wed Jul 15 09:52:03 EDT 2026
status, LSWS running: 1
Wed Jul 15 09:53:03 EDT 2026
status, LSWS running: 1
Wed Jul 15 09:54:03 EDT 2026
status, LSWS running: 1
Wed Jul 15 09:55:03 EDT 2026
status, LSWS running: 1
Wed Jul 15 09:56:03 EDT 2026
status, LSWS running: 1
Wed Jul 15 09:57:03 EDT 2026
status, LSWS running: 1
Wed Jul 15 09:58:03 EDT 2026
status, LSWS running: 1
Wed Jul 15 09:59:03 EDT 2026
status, LSWS running: 1
Wed Jul 15 10:00:03 EDT 2026
status, LSWS running: 1
Wed Jul 15 10:01:03 EDT 2026
status, LSWS running: 1
Wed Jul 15 10:02:03 EDT 2026
status, LSWS running: 1
Wed Jul 15 10:03:03 EDT 2026
status, LSWS running: 1
Wed Jul 15 10:04:03 EDT 2026
status, LSWS running: 1
Wed Jul 15 10:05:03 EDT 2026
status, LSWS running: 1
Wed Jul 15 10:06:03 EDT 2026
status, LSWS running: 1
Wed Jul 15 10:07:03 EDT 2026
status, LSWS running: 1
Wed Jul 15 10:08:03 EDT 2026
status, LSWS running: 1
Wed Jul 15 10:09:03 EDT 2026
status, LSWS running: 1
Wed Jul 15 10:10:03 EDT 2026
status, LSWS running: 1
Wed Jul 15 10:11:03 EDT 2026
status, LSWS running: 1
Wed Jul 15 10:12:03 EDT 2026
status, LSWS running: 1
Wed Jul 15 10:13:03 EDT 2026
status, LSWS running: 1
Wed Jul 15 10:14:03 EDT 2026
status, LSWS running: 1
Wed Jul 15 10:15:03 EDT 2026
status, LSWS running: 1
Wed Jul 15 10:16:03 EDT 2026
status, LSWS running: 1
Wed Jul 15 10:17:03 EDT 2026
status, LSWS running: 1
Wed Jul 15 10:18:03 EDT 2026
status, LSWS running: 1
Wed Jul 15 10:19:03 EDT 2026
status, LSWS running: 1
Wed Jul 15 10:20:03 EDT 2026
status, LSWS running: 1
Wed Jul 15 10:21:03 EDT 2026
status, LSWS running: 1
Wed Jul 15 10:22:03 EDT 2026
status, LSWS running: 1
Wed Jul 15 10:23:03 EDT 2026
status, LSWS running: 1
Wed Jul 15 10:24:03 EDT 2026
status, LSWS running: 1
Wed Jul 15 10:25:03 EDT 2026
status, LSWS running: 1
Wed Jul 15 10:26:03 EDT 2026
status, LSWS running: 1
Wed Jul 15 10:27:03 EDT 2026
status, LSWS running: 1
Wed Jul 15 10:28:03 EDT 2026
status, LSWS running: 1
Wed Jul 15 10:29:03 EDT 2026
status, LSWS running: 1
Wed Jul 15 10:30:03 EDT 2026
status, LSWS running: 1
Wed Jul 15 10:31:03 EDT 2026
status, LSWS running: 1
Wed Jul 15 10:32:03 EDT 2026
status, LSWS running: 1
Wed Jul 15 10:33:03 EDT 2026
status, LSWS running: 1
Wed Jul 15 10:34:03 EDT 2026
status, LSWS running: 1
Wed Jul 15 10:35:03 EDT 2026
status, LSWS running: 1
Wed Jul 15 10:36:03 EDT 2026
status, LSWS running: 1
Wed Jul 15 10:37:03 EDT 2026
status, LSWS running: 1
Wed Jul 15 10:38:03 EDT 2026
status, LSWS running: 1
Wed Jul 15 10:39:03 EDT 2026
status, LSWS running: 1
Wed Jul 15 10:43:21 EDT 2026
status, LSWS running: 1
Wed Jul 15 10:44:21 EDT 2026
status, LSWS running: 1
Wed Jul 15 10:45:21 EDT 2026
status, LSWS running: 1
Wed Jul 15 10:46:21 EDT 2026
status, LSWS running: 1
Wed Jul 15 10:47:21 EDT 2026
status, LSWS running: 1
Wed Jul 15 10:48:21 EDT 2026
status, LSWS running: 1
Wed Jul 15 10:49:21 EDT 2026
status, LSWS running: 1
Wed Jul 15 10:50:21 EDT 2026
status, LSWS running: 1
Wed Jul 15 10:51:21 EDT 2026
status, LSWS running: 1
Wed Jul 15 10:52:21 EDT 2026
status, LSWS running: 1
Wed Jul 15 11:02:18 EDT 2026
status, LSWS running: 1
Wed Jul 15 11:03:18 EDT 2026
status, LSWS running: 1
Wed Jul 15 11:04:18 EDT 2026
status, LSWS running: 1
Wed Jul 15 11:05:18 EDT 2026
status, LSWS running: 1
Wed Jul 15 11:06:18 EDT 2026
status, LSWS running: 1
Wed Jul 15 11:07:18 EDT 2026
status, LSWS running: 1
Wed Jul 15 11:08:18 EDT 2026
status, LSWS running: 1
Wed Jul 15 11:09:18 EDT 2026
status, LSWS running: 1
Wed Jul 15 11:10:18 EDT 2026
status, LSWS running: 1
Wed Jul 15 11:11:18 EDT 2026
status, LSWS running: 1
Wed Jul 15 11:12:18 EDT 2026
status, LSWS running: 1
Wed Jul 15 11:13:18 EDT 2026
status, LSWS running: 1
Wed Jul 15 11:14:18 EDT 2026
status, LSWS running: 1
Wed Jul 15 11:15:18 EDT 2026
status, LSWS running: 1
Wed Jul 15 11:16:18 EDT 2026
status, LSWS running: 1
Wed Jul 15 11:17:18 EDT 2026
status, LSWS running: 1
Wed Jul 15 11:18:19 EDT 2026
status, LSWS running: 1
Wed Jul 15 11:19:19 EDT 2026
status, LSWS running: 1
Wed Jul 15 11:20:19 EDT 2026
status, LSWS running: 1
Wed Jul 15 11:21:19 EDT 2026
status, LSWS running: 1
Wed Jul 15 11:22:19 EDT 2026
status, LSWS running: 1
Wed Jul 15 11:23:19 EDT 2026
status, LSWS running: 1
Wed Jul 15 11:24:19 EDT 2026
status, LSWS running: 1
Wed Jul 15 11:25:19 EDT 2026
status, LSWS running: 1
Wed Jul 15 11:26:19 EDT 2026
status, LSWS running: 1
Wed Jul 15 11:27:19 EDT 2026
status, LSWS running: 1
Wed Jul 15 11:28:19 EDT 2026
status, LSWS running: 1
Wed Jul 15 11:29:19 EDT 2026
status, LSWS running: 1
Wed Jul 15 11:30:19 EDT 2026
status, LSWS running: 1
Wed Jul 15 11:31:19 EDT 2026
status, LSWS running: 1
Wed Jul 15 11:32:19 EDT 2026
status, LSWS running: 1
Wed Jul 15 11:33:19 EDT 2026
status, LSWS running: 1
Wed Jul 15 11:34:19 EDT 2026
status, LSWS running: 1
Wed Jul 15 11:35:19 EDT 2026
status, LSWS running: 1
Wed Jul 15 11:36:19 EDT 2026
status, LSWS running: 1
Wed Jul 15 11:37:19 EDT 2026
status, LSWS running: 1
Wed Jul 15 11:38:19 EDT 2026
status, LSWS running: 1
Wed Jul 15 11:39:19 EDT 2026
status, LSWS running: 1
Wed Jul 15 11:40:19 EDT 2026
status, LSWS running: 1
Wed Jul 15 11:41:19 EDT 2026
status, LSWS running: 1
Wed Jul 15 11:42:19 EDT 2026
status, LSWS running: 1
Wed Jul 15 11:43:19 EDT 2026
status, LSWS running: 1
Wed Jul 15 11:44:19 EDT 2026
status, LSWS running: 1
Wed Jul 15 11:45:19 EDT 2026
status, LSWS running: 1
Wed Jul 15 11:46:19 EDT 2026
status, LSWS running: 1
Wed Jul 15 11:47:19 EDT 2026
status, LSWS running: 1
Wed Jul 15 11:48:19 EDT 2026
status, LSWS running: 1
Wed Jul 15 11:49:19 EDT 2026
status, LSWS running: 1
Wed Jul 15 11:50:19 EDT 2026
status, LSWS running: 1
Wed Jul 15 11:51:19 EDT 2026
status, LSWS running: 1
Wed Jul 15 11:52:19 EDT 2026
status, LSWS running: 1
Wed Jul 15 11:53:19 EDT 2026
status, LSWS running: 1
Wed Jul 15 11:54:19 EDT 2026
status, LSWS running: 1
Wed Jul 15 11:55:19 EDT 2026
status, LSWS running: 1
Wed Jul 15 11:56:19 EDT 2026
status, LSWS running: 1
Wed Jul 15 11:57:19 EDT 2026
status, LSWS running: 1
Wed Jul 15 11:58:19 EDT 2026
status, LSWS running: 1
Wed Jul 15 11:59:19 EDT 2026
status, LSWS running: 1
Wed Jul 15 12:00:19 EDT 2026
status, LSWS running: 1
Wed Jul 15 12:01:19 EDT 2026
status, LSWS running: 1
Wed Jul 15 12:02:19 EDT 2026
status, LSWS running: 1
Wed Jul 15 12:03:19 EDT 2026
status, LSWS running: 1
Wed Jul 15 12:04:19 EDT 2026
status, LSWS running: 1
Wed Jul 15 12:05:19 EDT 2026
status, LSWS running: 1
Wed Jul 15 12:06:19 EDT 2026
status, LSWS running: 1
Wed Jul 15 12:07:19 EDT 2026
status, LSWS running: 1
Wed Jul 15 12:08:19 EDT 2026
status, LSWS running: 1
Wed Jul 15 12:09:19 EDT 2026
status, LSWS running: 1
Wed Jul 15 12:10:19 EDT 2026
status, LSWS running: 1
Wed Jul 15 12:11:19 EDT 2026
status, LSWS running: 1
Wed Jul 15 12:12:19 EDT 2026
status, LSWS running: 1
Wed Jul 15 12:13:19 EDT 2026
status, LSWS running: 1
Wed Jul 15 12:14:19 EDT 2026
status, LSWS running: 1
Wed Jul 15 12:15:19 EDT 2026
status, LSWS running: 1
Wed Jul 15 12:16:19 EDT 2026
status, LSWS running: 1
Wed Jul 15 12:17:19 EDT 2026
status, LSWS running: 1
Wed Jul 15 12:18:19 EDT 2026
status, LSWS running: 1
Wed Jul 15 12:19:19 EDT 2026
status, LSWS running: 1
Wed Jul 15 12:20:19 EDT 2026
status, LSWS running: 1
Wed Jul 15 12:21:19 EDT 2026
status, LSWS running: 1
Wed Jul 15 12:22:19 EDT 2026
status, LSWS running: 1
Wed Jul 15 12:23:19 EDT 2026
status, LSWS running: 1
Wed Jul 15 12:24:19 EDT 2026
status, LSWS running: 1
Wed Jul 15 12:25:19 EDT 2026
status, LSWS running: 1
Wed Jul 15 12:26:19 EDT 2026
status, LSWS running: 1
Wed Jul 15 12:27:19 EDT 2026
status, LSWS running: 1
Wed Jul 15 12:28:19 EDT 2026
status, LSWS running: 1
Wed Jul 15 12:29:19 EDT 2026
status, LSWS running: 1
Wed Jul 15 12:30:19 EDT 2026
status, LSWS running: 1
Wed Jul 15 12:31:19 EDT 2026
status, LSWS running: 1
Wed Jul 15 12:32:19 EDT 2026
status, LSWS running: 1
Wed Jul 15 12:33:19 EDT 2026
status, LSWS running: 1
Wed Jul 15 12:34:19 EDT 2026
status, LSWS running: 1
Wed Jul 15 12:35:19 EDT 2026
status, LSWS running: 1
Wed Jul 15 12:36:19 EDT 2026
status, LSWS running: 1
Wed Jul 15 12:37:19 EDT 2026
status, LSWS running: 1
Wed Jul 15 12:38:19 EDT 2026
status, LSWS running: 1
Wed Jul 15 12:39:19 EDT 2026
status, LSWS running: 1
Wed Jul 15 12:40:20 EDT 2026
status, LSWS running: 1
Wed Jul 15 12:41:20 EDT 2026
status, LSWS running: 1
Wed Jul 15 12:42:20 EDT 2026
status, LSWS running: 1
Wed Jul 15 12:43:20 EDT 2026
status, LSWS running: 1
Wed Jul 15 12:44:20 EDT 2026
status, LSWS running: 1
Wed Jul 15 13:03:27 EDT 2026
status, LSWS running: 1
Wed Jul 15 13:54:48 EDT 2026
status, LSWS running: 1
Wed Jul 15 13:55:48 EDT 2026
status, LSWS running: 1
Wed Jul 15 13:56:51 EDT 2026
status, LSWS running: 1
Wed Jul 15 13:57:51 EDT 2026
status, LSWS running: 1
Wed Jul 15 13:58:51 EDT 2026
status, LSWS running: 1
Wed Jul 15 13:59:51 EDT 2026
status, LSWS running: 1
Wed Jul 15 14:00:51 EDT 2026
status, LSWS running: 1
Wed Jul 15 14:01:51 EDT 2026
status, LSWS running: 1
Wed Jul 15 14:02:51 EDT 2026
status, LSWS running: 1
Wed Jul 15 14:03:51 EDT 2026
status, LSWS running: 1
Wed Jul 15 14:04:51 EDT 2026
status, LSWS running: 1
Wed Jul 15 14:05:51 EDT 2026
status, LSWS running: 1
Wed Jul 15 14:06:51 EDT 2026
status, LSWS running: 1
Wed Jul 15 14:07:51 EDT 2026
status, LSWS running: 1
Wed Jul 15 14:08:51 EDT 2026
status, LSWS running: 1
Wed Jul 15 14:09:51 EDT 2026
status, LSWS running: 1
Wed Jul 15 14:10:51 EDT 2026
status, LSWS running: 1
Wed Jul 15 14:11:51 EDT 2026
status, LSWS running: 1
Wed Jul 15 14:12:51 EDT 2026
status, LSWS running: 1
Wed Jul 15 14:13:51 EDT 2026
status, LSWS running: 1
Wed Jul 15 14:14:51 EDT 2026
status, LSWS running: 1
Wed Jul 15 14:15:51 EDT 2026
status, LSWS running: 1
Wed Jul 15 14:16:51 EDT 2026
status, LSWS running: 1
Wed Jul 15 14:17:51 EDT 2026
status, LSWS running: 1
Wed Jul 15 14:18:51 EDT 2026
status, LSWS running: 1
Wed Jul 15 14:19:51 EDT 2026
status, LSWS running: 1
Wed Jul 15 14:20:51 EDT 2026
status, LSWS running: 1
Wed Jul 15 14:21:51 EDT 2026
status, LSWS running: 1
Wed Jul 15 14:22:51 EDT 2026
status, LSWS running: 1
Wed Jul 15 14:23:51 EDT 2026
status, LSWS running: 1
Wed Jul 15 14:24:51 EDT 2026
status, LSWS running: 1
Wed Jul 15 14:25:51 EDT 2026
status, LSWS running: 1
Wed Jul 15 14:26:51 EDT 2026
status, LSWS running: 1
Wed Jul 15 14:27:51 EDT 2026
status, LSWS running: 1
Wed Jul 15 14:28:51 EDT 2026
status, LSWS running: 1
Wed Jul 15 14:29:51 EDT 2026
status, LSWS running: 1
Wed Jul 15 14:30:51 EDT 2026
status, LSWS running: 1
Wed Jul 15 14:31:51 EDT 2026
status, LSWS running: 1
Wed Jul 15 14:32:51 EDT 2026
status, LSWS running: 1
Wed Jul 15 14:33:51 EDT 2026
status, LSWS running: 1
Wed Jul 15 14:34:51 EDT 2026
status, LSWS running: 1
Wed Jul 15 14:35:51 EDT 2026
status, LSWS running: 1
Wed Jul 15 14:36:51 EDT 2026
status, LSWS running: 1
Wed Jul 15 14:37:51 EDT 2026
status, LSWS running: 1
Wed Jul 15 14:38:51 EDT 2026
status, LSWS running: 1
Wed Jul 15 14:39:51 EDT 2026
status, LSWS running: 1
Wed Jul 15 14:40:51 EDT 2026
status, LSWS running: 1
Wed Jul 15 14:41:51 EDT 2026
status, LSWS running: 1
Wed Jul 15 14:42:51 EDT 2026
status, LSWS running: 1
Wed Jul 15 14:43:51 EDT 2026
status, LSWS running: 1
Wed Jul 15 14:44:51 EDT 2026
status, LSWS running: 1
Wed Jul 15 14:45:51 EDT 2026
status, LSWS running: 1
Wed Jul 15 14:46:51 EDT 2026
status, LSWS running: 1
Wed Jul 15 14:47:51 EDT 2026
status, LSWS running: 1
Wed Jul 15 14:48:51 EDT 2026
status, LSWS running: 1
Wed Jul 15 14:49:51 EDT 2026
status, LSWS running: 1
Wed Jul 15 14:50:51 EDT 2026
status, LSWS running: 1
Wed Jul 15 14:51:51 EDT 2026
status, LSWS running: 1
Wed Jul 15 14:52:51 EDT 2026
status, LSWS running: 1
Wed Jul 15 14:53:52 EDT 2026
status, LSWS running: 1
Wed Jul 15 14:54:52 EDT 2026
status, LSWS running: 1
Wed Jul 15 14:55:52 EDT 2026
status, LSWS running: 1
Wed Jul 15 14:56:52 EDT 2026
status, LSWS running: 1
Wed Jul 15 14:57:52 EDT 2026
status, LSWS running: 1
Wed Jul 15 14:58:52 EDT 2026
status, LSWS running: 1
Wed Jul 15 14:59:52 EDT 2026
status, LSWS running: 1
Wed Jul 15 15:00:52 EDT 2026
status, LSWS running: 1
Wed Jul 15 15:01:52 EDT 2026
status, LSWS running: 1
Wed Jul 15 15:02:52 EDT 2026
status, LSWS running: 1
Wed Jul 15 15:03:52 EDT 2026
status, LSWS running: 1
Wed Jul 15 15:04:52 EDT 2026
status, LSWS running: 1
Wed Jul 15 15:05:52 EDT 2026
status, LSWS running: 1
Wed Jul 15 15:06:52 EDT 2026
status, LSWS running: 1
Wed Jul 15 15:07:52 EDT 2026
status, LSWS running: 1
Wed Jul 15 15:08:52 EDT 2026
status, LSWS running: 1
Wed Jul 15 15:09:52 EDT 2026
status, LSWS running: 1
Wed Jul 15 15:10:52 EDT 2026
status, LSWS running: 1
Wed Jul 15 15:11:52 EDT 2026
status, LSWS running: 1
Wed Jul 15 15:12:52 EDT 2026
status, LSWS running: 1
Wed Jul 15 15:13:52 EDT 2026
status, LSWS running: 1
Wed Jul 15 15:14:52 EDT 2026
status, LSWS running: 1
Wed Jul 15 15:15:52 EDT 2026
status, LSWS running: 1
Wed Jul 15 15:16:52 EDT 2026
status, LSWS running: 1
Wed Jul 15 15:17:52 EDT 2026
status, LSWS running: 1
Wed Jul 15 15:18:52 EDT 2026
status, LSWS running: 1
Wed Jul 15 15:19:52 EDT 2026
status, LSWS running: 1
Wed Jul 15 15:20:52 EDT 2026
status, LSWS running: 1
Wed Jul 15 15:21:52 EDT 2026
status, LSWS running: 1
Wed Jul 15 15:22:52 EDT 2026
status, LSWS running: 1
Wed Jul 15 15:23:52 EDT 2026
status, LSWS running: 1
Wed Jul 15 15:24:52 EDT 2026
status, LSWS running: 1
Wed Jul 15 15:25:52 EDT 2026
status, LSWS running: 1
Wed Jul 15 15:26:52 EDT 2026
status, LSWS running: 1
Wed Jul 15 15:27:52 EDT 2026
status, LSWS running: 1
Wed Jul 15 15:28:52 EDT 2026
status, LSWS running: 1
Wed Jul 15 15:29:52 EDT 2026
status, LSWS running: 1
Wed Jul 15 15:30:52 EDT 2026
status, LSWS running: 1
Wed Jul 15 15:31:52 EDT 2026
status, LSWS running: 1
Wed Jul 15 15:32:52 EDT 2026
status, LSWS running: 1
Wed Jul 15 15:33:52 EDT 2026
status, LSWS running: 1
Wed Jul 15 15:34:52 EDT 2026
status, LSWS running: 1
Wed Jul 15 15:35:52 EDT 2026
status, LSWS running: 1
Wed Jul 15 15:36:52 EDT 2026
status, LSWS running: 1
Wed Jul 15 15:37:52 EDT 2026
status, LSWS running: 1
Wed Jul 15 15:38:52 EDT 2026
status, LSWS running: 1
Wed Jul 15 15:39:52 EDT 2026
status, LSWS running: 1
Wed Jul 15 15:40:52 EDT 2026
status, LSWS running: 1
Wed Jul 15 15:41:52 EDT 2026
status, LSWS running: 1
Wed Jul 15 15:42:52 EDT 2026
status, LSWS running: 1
Wed Jul 15 15:43:52 EDT 2026
status, LSWS running: 1
Wed Jul 15 15:44:52 EDT 2026
status, LSWS running: 1
Wed Jul 15 15:45:52 EDT 2026
status, LSWS running: 1
Wed Jul 15 15:46:52 EDT 2026
status, LSWS running: 1
Wed Jul 15 15:47:52 EDT 2026
status, LSWS running: 1
Wed Jul 15 15:48:52 EDT 2026
status, LSWS running: 1
Wed Jul 15 15:49:52 EDT 2026
status, LSWS running: 1
Wed Jul 15 15:50:52 EDT 2026
status, LSWS running: 1
Wed Jul 15 15:51:52 EDT 2026
status, LSWS running: 1
Wed Jul 15 15:52:52 EDT 2026
status, LSWS running: 1
Wed Jul 15 15:53:52 EDT 2026
status, LSWS running: 1
Wed Jul 15 15:54:52 EDT 2026
status, LSWS running: 1
Wed Jul 15 15:55:52 EDT 2026
status, LSWS running: 1
Wed Jul 15 15:56:52 EDT 2026
status, LSWS running: 1
Wed Jul 15 15:57:52 EDT 2026
status, LSWS running: 1
Wed Jul 15 15:58:52 EDT 2026
status, LSWS running: 1
Wed Jul 15 15:59:52 EDT 2026
status, LSWS running: 1
Wed Jul 15 16:00:52 EDT 2026
status, LSWS running: 1
Wed Jul 15 16:01:52 EDT 2026
status, LSWS running: 1
Wed Jul 15 16:02:52 EDT 2026
status, LSWS running: 1
Wed Jul 15 16:03:52 EDT 2026
status, LSWS running: 1
Wed Jul 15 16:04:52 EDT 2026
status, LSWS running: 1
Wed Jul 15 16:05:52 EDT 2026
status, LSWS running: 1
Wed Jul 15 16:06:52 EDT 2026
status, LSWS running: 1
Wed Jul 15 16:07:52 EDT 2026
status, LSWS running: 1
Wed Jul 15 16:08:52 EDT 2026
status, LSWS running: 1
Wed Jul 15 16:09:52 EDT 2026
status, LSWS running: 1
Wed Jul 15 16:10:52 EDT 2026
status, LSWS running: 1
Wed Jul 15 16:11:52 EDT 2026
status, LSWS running: 1
Wed Jul 15 16:12:52 EDT 2026
status, LSWS running: 1
Wed Jul 15 16:13:52 EDT 2026
status, LSWS running: 1
Wed Jul 15 16:14:52 EDT 2026
status, LSWS running: 1
Wed Jul 15 16:15:52 EDT 2026
status, LSWS running: 1
Wed Jul 15 16:16:52 EDT 2026
status, LSWS running: 1
Wed Jul 15 16:17:52 EDT 2026
status, LSWS running: 1
Wed Jul 15 16:18:52 EDT 2026
status, LSWS running: 1
Wed Jul 15 16:19:52 EDT 2026
status, LSWS running: 1
Wed Jul 15 16:20:52 EDT 2026
status, LSWS running: 1
Wed Jul 15 16:21:52 EDT 2026
status, LSWS running: 1
Wed Jul 15 16:22:52 EDT 2026
status, LSWS running: 1
Wed Jul 15 16:23:52 EDT 2026
status, LSWS running: 1
Wed Jul 15 16:24:52 EDT 2026
status, LSWS running: 1
Wed Jul 15 16:25:52 EDT 2026
status, LSWS running: 1
Wed Jul 15 16:26:52 EDT 2026
status, LSWS running: 1
Wed Jul 15 16:27:52 EDT 2026
status, LSWS running: 1
Wed Jul 15 16:28:53 EDT 2026
status, LSWS running: 1
Wed Jul 15 16:29:53 EDT 2026
status, LSWS running: 1
Wed Jul 15 16:30:53 EDT 2026
status, LSWS running: 1
Wed Jul 15 16:31:53 EDT 2026
status, LSWS running: 1
Wed Jul 15 16:32:53 EDT 2026
status, LSWS running: 1
Wed Jul 15 16:33:53 EDT 2026
status, LSWS running: 1
Wed Jul 15 16:34:53 EDT 2026
status, LSWS running: 1
Wed Jul 15 16:35:53 EDT 2026
status, LSWS running: 1
Wed Jul 15 16:36:53 EDT 2026
status, LSWS running: 1
Wed Jul 15 16:37:53 EDT 2026
status, LSWS running: 1
Wed Jul 15 16:38:53 EDT 2026
status, LSWS running: 1
Wed Jul 15 16:39:53 EDT 2026
status, LSWS running: 1
Wed Jul 15 16:40:53 EDT 2026
status, LSWS running: 1
Wed Jul 15 16:41:53 EDT 2026
status, LSWS running: 1
Wed Jul 15 16:42:53 EDT 2026
status, LSWS running: 1
Wed Jul 15 16:43:53 EDT 2026
status, LSWS running: 1
Wed Jul 15 16:44:53 EDT 2026
status, LSWS running: 1
Wed Jul 15 16:45:53 EDT 2026
status, LSWS running: 1
Wed Jul 15 16:46:53 EDT 2026
status, LSWS running: 1
Wed Jul 15 16:47:53 EDT 2026
status, LSWS running: 1
Wed Jul 15 16:48:53 EDT 2026
status, LSWS running: 1
Wed Jul 15 16:49:53 EDT 2026
status, LSWS running: 1
Wed Jul 15 16:50:53 EDT 2026
status, LSWS running: 1
Wed Jul 15 16:51:53 EDT 2026
status, LSWS running: 1
Wed Jul 15 16:52:53 EDT 2026
status, LSWS running: 1
Wed Jul 15 16:53:53 EDT 2026
status, LSWS running: 1
Wed Jul 15 16:54:53 EDT 2026
status, LSWS running: 1
Wed Jul 15 16:55:53 EDT 2026
status, LSWS running: 1
Wed Jul 15 16:56:53 EDT 2026
status, LSWS running: 1
Wed Jul 15 16:57:53 EDT 2026
status, LSWS running: 1
Wed Jul 15 16:58:53 EDT 2026
status, LSWS running: 1
Wed Jul 15 16:59:53 EDT 2026
status, LSWS running: 1
Wed Jul 15 17:00:53 EDT 2026
status, LSWS running: 1
Wed Jul 15 17:01:53 EDT 2026
status, LSWS running: 1
Wed Jul 15 17:02:53 EDT 2026
status, LSWS running: 1
Wed Jul 15 17:03:53 EDT 2026
status, LSWS running: 1
Wed Jul 15 17:04:53 EDT 2026
status, LSWS running: 1
Wed Jul 15 17:05:53 EDT 2026
status, LSWS running: 1
Wed Jul 15 17:06:53 EDT 2026
status, LSWS running: 1
Wed Jul 15 17:07:53 EDT 2026
status, LSWS running: 1
Wed Jul 15 17:08:53 EDT 2026
status, LSWS running: 1
Wed Jul 15 17:09:53 EDT 2026
status, LSWS running: 1
Wed Jul 15 17:10:53 EDT 2026
status, LSWS running: 1
Wed Jul 15 17:11:53 EDT 2026
status, LSWS running: 1
Wed Jul 15 17:12:53 EDT 2026
status, LSWS running: 1
Wed Jul 15 17:13:53 EDT 2026
status, LSWS running: 1
Wed Jul 15 17:14:53 EDT 2026
status, LSWS running: 1
Wed Jul 15 17:15:53 EDT 2026
status, LSWS running: 1
Wed Jul 15 17:16:53 EDT 2026
status, LSWS running: 1
Wed Jul 15 17:17:53 EDT 2026
status, LSWS running: 1
Wed Jul 15 17:18:53 EDT 2026
status, LSWS running: 1
Wed Jul 15 17:19:53 EDT 2026
status, LSWS running: 1
Wed Jul 15 17:20:53 EDT 2026
status, LSWS running: 1
Wed Jul 15 17:21:53 EDT 2026
status, LSWS running: 1
Wed Jul 15 17:22:53 EDT 2026
status, LSWS running: 1
Wed Jul 15 17:23:53 EDT 2026
status, LSWS running: 1
Wed Jul 15 17:24:53 EDT 2026
status, LSWS running: 1
Wed Jul 15 17:25:53 EDT 2026
status, LSWS running: 1
Wed Jul 15 17:26:53 EDT 2026
status, LSWS running: 1
Wed Jul 15 17:27:53 EDT 2026
status, LSWS running: 1
Wed Jul 15 17:28:53 EDT 2026
status, LSWS running: 1
Wed Jul 15 17:29:53 EDT 2026
status, LSWS running: 1
Wed Jul 15 17:30:53 EDT 2026
status, LSWS running: 1
Wed Jul 15 17:31:53 EDT 2026
status, LSWS running: 1
Wed Jul 15 17:32:53 EDT 2026
status, LSWS running: 1
Wed Jul 15 17:33:53 EDT 2026
status, LSWS running: 1
Wed Jul 15 17:34:53 EDT 2026
status, LSWS running: 1
Wed Jul 15 17:35:53 EDT 2026
status, LSWS running: 1
Wed Jul 15 17:36:53 EDT 2026
status, LSWS running: 1
Wed Jul 15 17:37:53 EDT 2026
status, LSWS running: 1
Wed Jul 15 17:38:53 EDT 2026
status, LSWS running: 1
Wed Jul 15 17:39:53 EDT 2026
status, LSWS running: 1
Wed Jul 15 17:40:53 EDT 2026
status, LSWS running: 1
Wed Jul 15 17:41:53 EDT 2026
status, LSWS running: 1
Wed Jul 15 17:42:53 EDT 2026
status, LSWS running: 1
Wed Jul 15 17:43:53 EDT 2026
status, LSWS running: 1
Wed Jul 15 17:44:53 EDT 2026
status, LSWS running: 1
Wed Jul 15 17:45:53 EDT 2026
status, LSWS running: 1
Wed Jul 15 17:46:53 EDT 2026
status, LSWS running: 1
Wed Jul 15 17:47:54 EDT 2026
status, LSWS running: 1
Wed Jul 15 17:48:54 EDT 2026
status, LSWS running: 1
Wed Jul 15 17:49:54 EDT 2026
status, LSWS running: 1
Wed Jul 15 17:50:54 EDT 2026
status, LSWS running: 1
Wed Jul 15 17:51:54 EDT 2026
status, LSWS running: 1
Wed Jul 15 17:52:54 EDT 2026
status, LSWS running: 1
Wed Jul 15 17:53:54 EDT 2026
status, LSWS running: 1
Wed Jul 15 17:54:54 EDT 2026
status, LSWS running: 1
Wed Jul 15 17:55:54 EDT 2026
status, LSWS running: 1
Wed Jul 15 17:56:54 EDT 2026
status, LSWS running: 1
Wed Jul 15 17:57:54 EDT 2026
status, LSWS running: 1
Wed Jul 15 17:58:54 EDT 2026
status, LSWS running: 1
Wed Jul 15 17:59:54 EDT 2026
status, LSWS running: 1
Wed Jul 15 18:00:54 EDT 2026
status, LSWS running: 1
Wed Jul 15 18:01:54 EDT 2026
status, LSWS running: 1
Wed Jul 15 18:02:54 EDT 2026
status, LSWS running: 1
Wed Jul 15 18:03:54 EDT 2026
status, LSWS running: 1
Wed Jul 15 18:04:54 EDT 2026
status, LSWS running: 1
Wed Jul 15 18:05:54 EDT 2026
status, LSWS running: 1
Wed Jul 15 18:06:54 EDT 2026
status, LSWS running: 1
Wed Jul 15 18:07:54 EDT 2026
status, LSWS running: 1
Wed Jul 15 18:08:54 EDT 2026
status, LSWS running: 1
Wed Jul 15 18:09:54 EDT 2026
status, LSWS running: 1
Wed Jul 15 18:10:54 EDT 2026
status, LSWS running: 1
Wed Jul 15 18:11:54 EDT 2026
status, LSWS running: 1
Wed Jul 15 18:12:54 EDT 2026
status, LSWS running: 1
Wed Jul 15 18:13:54 EDT 2026
status, LSWS running: 1
Wed Jul 15 18:14:54 EDT 2026
status, LSWS running: 1
Wed Jul 15 18:15:54 EDT 2026
status, LSWS running: 1
Wed Jul 15 18:16:54 EDT 2026
status, LSWS running: 1
Wed Jul 15 18:17:54 EDT 2026
status, LSWS running: 1
Wed Jul 15 18:18:54 EDT 2026
status, LSWS running: 1
Wed Jul 15 18:19:54 EDT 2026
status, LSWS running: 1
Wed Jul 15 18:20:54 EDT 2026
status, LSWS running: 1
Wed Jul 15 18:21:54 EDT 2026
status, LSWS running: 1
Wed Jul 15 18:22:54 EDT 2026
status, LSWS running: 1
Wed Jul 15 18:23:54 EDT 2026
status, LSWS running: 1
Wed Jul 15 18:24:54 EDT 2026
status, LSWS running: 1
Wed Jul 15 18:25:54 EDT 2026
status, LSWS running: 1
Wed Jul 15 18:26:54 EDT 2026
status, LSWS running: 1
Wed Jul 15 18:27:54 EDT 2026
status, LSWS running: 1
Wed Jul 15 18:28:54 EDT 2026
status, LSWS running: 1
Wed Jul 15 18:29:54 EDT 2026
status, LSWS running: 1
Wed Jul 15 18:30:54 EDT 2026
status, LSWS running: 1
Wed Jul 15 18:31:54 EDT 2026
status, LSWS running: 1
Wed Jul 15 18:32:54 EDT 2026
status, LSWS running: 1
Wed Jul 15 18:33:54 EDT 2026
status, LSWS running: 1
Wed Jul 15 18:34:54 EDT 2026
status, LSWS running: 1
Wed Jul 15 18:35:54 EDT 2026
status, LSWS running: 1
Wed Jul 15 18:36:54 EDT 2026
status, LSWS running: 1
Wed Jul 15 18:37:54 EDT 2026
status, LSWS running: 1
Wed Jul 15 18:38:54 EDT 2026
status, LSWS running: 1
Wed Jul 15 18:39:54 EDT 2026
status, LSWS running: 1
Wed Jul 15 18:40:54 EDT 2026
status, LSWS running: 1
Wed Jul 15 18:41:54 EDT 2026
status, LSWS running: 1
Wed Jul 15 18:42:54 EDT 2026
status, LSWS running: 1
Wed Jul 15 18:43:54 EDT 2026
status, LSWS running: 1
Wed Jul 15 18:44:54 EDT 2026
status, LSWS running: 1
Wed Jul 15 18:45:54 EDT 2026
status, LSWS running: 1
Wed Jul 15 18:46:54 EDT 2026
status, LSWS running: 1
Wed Jul 15 18:47:54 EDT 2026
status, LSWS running: 1
Wed Jul 15 18:48:54 EDT 2026
status, LSWS running: 1
Wed Jul 15 18:49:54 EDT 2026
status, LSWS running: 1
Wed Jul 15 18:50:54 EDT 2026
status, LSWS running: 1
Wed Jul 15 18:51:54 EDT 2026
status, LSWS running: 1
Wed Jul 15 18:52:54 EDT 2026
status, LSWS running: 1
Wed Jul 15 18:53:54 EDT 2026
status, LSWS running: 1
Wed Jul 15 18:54:54 EDT 2026
status, LSWS running: 1
Wed Jul 15 18:55:54 EDT 2026
status, LSWS running: 1
Wed Jul 15 18:56:54 EDT 2026
status, LSWS running: 1
Wed Jul 15 18:57:54 EDT 2026
status, LSWS running: 1
Wed Jul 15 18:58:54 EDT 2026
status, LSWS running: 1
Wed Jul 15 18:59:54 EDT 2026
status, LSWS running: 1
Wed Jul 15 19:00:54 EDT 2026
status, LSWS running: 1
Wed Jul 15 19:01:54 EDT 2026
status, LSWS running: 1
Wed Jul 15 19:02:55 EDT 2026
status, LSWS running: 1
Wed Jul 15 19:03:55 EDT 2026
status, LSWS running: 1
Wed Jul 15 19:04:55 EDT 2026
status, LSWS running: 1
Wed Jul 15 19:05:55 EDT 2026
status, LSWS running: 1
Wed Jul 15 19:06:55 EDT 2026
status, LSWS running: 1
Wed Jul 15 19:07:55 EDT 2026
status, LSWS running: 1
Wed Jul 15 19:08:55 EDT 2026
status, LSWS running: 1
Wed Jul 15 19:09:55 EDT 2026
status, LSWS running: 1
Wed Jul 15 19:10:55 EDT 2026
status, LSWS running: 1
Wed Jul 15 19:11:55 EDT 2026
status, LSWS running: 1
Wed Jul 15 19:12:55 EDT 2026
status, LSWS running: 1
Wed Jul 15 19:13:55 EDT 2026
status, LSWS running: 1
Wed Jul 15 19:14:55 EDT 2026
status, LSWS running: 1
Wed Jul 15 19:15:55 EDT 2026
status, LSWS running: 1
Wed Jul 15 19:16:55 EDT 2026
status, LSWS running: 1
Wed Jul 15 19:17:55 EDT 2026
status, LSWS running: 1
Wed Jul 15 19:18:55 EDT 2026
status, LSWS running: 1
Wed Jul 15 19:19:55 EDT 2026
status, LSWS running: 1
Wed Jul 15 19:20:55 EDT 2026
status, LSWS running: 1
Wed Jul 15 19:21:55 EDT 2026
status, LSWS running: 1
Wed Jul 15 19:22:55 EDT 2026
status, LSWS running: 1
Wed Jul 15 19:23:55 EDT 2026
status, LSWS running: 1
Wed Jul 15 19:24:55 EDT 2026
status, LSWS running: 1
Wed Jul 15 19:25:55 EDT 2026
status, LSWS running: 1
Wed Jul 15 19:26:55 EDT 2026
status, LSWS running: 1
Wed Jul 15 19:27:55 EDT 2026
status, LSWS running: 1
Wed Jul 15 19:28:55 EDT 2026
status, LSWS running: 1
Wed Jul 15 19:29:55 EDT 2026
status, LSWS running: 1
Wed Jul 15 19:30:55 EDT 2026
status, LSWS running: 1
Wed Jul 15 19:31:55 EDT 2026
status, LSWS running: 1
Wed Jul 15 19:32:55 EDT 2026
status, LSWS running: 1
Wed Jul 15 19:33:55 EDT 2026
status, LSWS running: 1
Wed Jul 15 19:34:55 EDT 2026
status, LSWS running: 1
Wed Jul 15 19:35:55 EDT 2026
status, LSWS running: 1
Wed Jul 15 19:36:55 EDT 2026
status, LSWS running: 1
Wed Jul 15 19:37:55 EDT 2026
status, LSWS running: 1
Wed Jul 15 19:38:55 EDT 2026
status, LSWS running: 1
Wed Jul 15 19:39:55 EDT 2026
status, LSWS running: 1
Wed Jul 15 19:40:55 EDT 2026
status, LSWS running: 1
Wed Jul 15 19:41:55 EDT 2026
status, LSWS running: 1
Wed Jul 15 19:42:55 EDT 2026
status, LSWS running: 1
Wed Jul 15 19:43:55 EDT 2026
status, LSWS running: 1
Wed Jul 15 19:44:55 EDT 2026
status, LSWS running: 1
Wed Jul 15 19:45:55 EDT 2026
status, LSWS running: 1
Wed Jul 15 19:46:55 EDT 2026
status, LSWS running: 1
Wed Jul 15 19:47:55 EDT 2026
status, LSWS running: 1
Wed Jul 15 19:48:55 EDT 2026
status, LSWS running: 1
Wed Jul 15 19:49:55 EDT 2026
status, LSWS running: 1
Wed Jul 15 19:50:55 EDT 2026
status, LSWS running: 1
Wed Jul 15 19:51:55 EDT 2026
status, LSWS running: 1
Wed Jul 15 19:52:55 EDT 2026
status, LSWS running: 1
Wed Jul 15 19:53:55 EDT 2026
status, LSWS running: 1
Wed Jul 15 19:54:55 EDT 2026
status, LSWS running: 1
Wed Jul 15 19:55:55 EDT 2026
status, LSWS running: 1
Wed Jul 15 19:56:55 EDT 2026
status, LSWS running: 1
Wed Jul 15 19:57:55 EDT 2026
status, LSWS running: 1
Wed Jul 15 19:58:55 EDT 2026
status, LSWS running: 1
Wed Jul 15 19:59:55 EDT 2026
status, LSWS running: 1
Wed Jul 15 20:00:55 EDT 2026
status, LSWS running: 1
Wed Jul 15 20:01:55 EDT 2026
status, LSWS running: 1
Wed Jul 15 20:02:55 EDT 2026
status, LSWS running: 1
Wed Jul 15 20:03:55 EDT 2026
status, LSWS running: 1
Wed Jul 15 20:04:55 EDT 2026
status, LSWS running: 1
Wed Jul 15 20:05:55 EDT 2026
status, LSWS running: 1
Wed Jul 15 20:06:55 EDT 2026
status, LSWS running: 1
Wed Jul 15 20:07:55 EDT 2026
status, LSWS running: 1
Wed Jul 15 20:08:55 EDT 2026
status, LSWS running: 1
Wed Jul 15 20:09:55 EDT 2026
status, LSWS running: 1
Wed Jul 15 20:10:55 EDT 2026
status, LSWS running: 1
Wed Jul 15 20:11:55 EDT 2026
status, LSWS running: 1
Wed Jul 15 20:12:55 EDT 2026
status, LSWS running: 1
Wed Jul 15 20:13:55 EDT 2026
status, LSWS running: 1
Wed Jul 15 20:14:56 EDT 2026
status, LSWS running: 1
Wed Jul 15 20:15:56 EDT 2026
status, LSWS running: 1
Wed Jul 15 20:16:56 EDT 2026
status, LSWS running: 1
Wed Jul 15 20:17:56 EDT 2026
status, LSWS running: 1
Wed Jul 15 20:18:56 EDT 2026
status, LSWS running: 1
Wed Jul 15 20:19:56 EDT 2026
status, LSWS running: 1
Wed Jul 15 20:20:56 EDT 2026
status, LSWS running: 1
Wed Jul 15 20:21:56 EDT 2026
status, LSWS running: 1
Wed Jul 15 20:22:56 EDT 2026
status, LSWS running: 1
Wed Jul 15 20:23:56 EDT 2026
status, LSWS running: 1
Wed Jul 15 20:24:56 EDT 2026
status, LSWS running: 1
Wed Jul 15 20:25:56 EDT 2026
status, LSWS running: 1
Wed Jul 15 20:26:56 EDT 2026
status, LSWS running: 1
Wed Jul 15 20:27:56 EDT 2026
status, LSWS running: 1
Wed Jul 15 20:28:56 EDT 2026
status, LSWS running: 1
Wed Jul 15 20:29:56 EDT 2026
status, LSWS running: 1
Wed Jul 15 20:30:56 EDT 2026
status, LSWS running: 1
Wed Jul 15 20:31:56 EDT 2026
status, LSWS running: 1
Wed Jul 15 20:32:56 EDT 2026
status, LSWS running: 1
Wed Jul 15 20:33:56 EDT 2026
status, LSWS running: 1
Wed Jul 15 20:34:56 EDT 2026
status, LSWS running: 1
Wed Jul 15 20:35:56 EDT 2026
status, LSWS running: 1
Wed Jul 15 20:36:56 EDT 2026
status, LSWS running: 1
Wed Jul 15 20:37:56 EDT 2026
status, LSWS running: 1
Wed Jul 15 20:38:56 EDT 2026
status, LSWS running: 1
Wed Jul 15 20:39:56 EDT 2026
status, LSWS running: 1
Wed Jul 15 20:40:56 EDT 2026
status, LSWS running: 1
Wed Jul 15 20:41:56 EDT 2026
status, LSWS running: 1
Wed Jul 15 20:42:56 EDT 2026
status, LSWS running: 1
Wed Jul 15 20:43:56 EDT 2026
status, LSWS running: 1
Wed Jul 15 20:44:56 EDT 2026
status, LSWS running: 1
Wed Jul 15 20:45:56 EDT 2026
status, LSWS running: 1
Wed Jul 15 20:46:56 EDT 2026
status, LSWS running: 1
Wed Jul 15 20:47:56 EDT 2026
status, LSWS running: 1
Wed Jul 15 20:48:56 EDT 2026
status, LSWS running: 1
Wed Jul 15 20:49:56 EDT 2026
status, LSWS running: 1
Wed Jul 15 20:50:56 EDT 2026
status, LSWS running: 1
Wed Jul 15 20:51:56 EDT 2026
status, LSWS running: 1
Wed Jul 15 20:52:56 EDT 2026
status, LSWS running: 1
Wed Jul 15 20:53:56 EDT 2026
status, LSWS running: 1
Wed Jul 15 20:54:56 EDT 2026
status, LSWS running: 1
Wed Jul 15 20:55:56 EDT 2026
status, LSWS running: 1
Wed Jul 15 20:56:56 EDT 2026
status, LSWS running: 1
Wed Jul 15 20:57:56 EDT 2026
status, LSWS running: 1
Wed Jul 15 20:58:56 EDT 2026
status, LSWS running: 1
Wed Jul 15 20:59:56 EDT 2026
status, LSWS running: 1
Wed Jul 15 21:00:56 EDT 2026
status, LSWS running: 1
Wed Jul 15 21:01:56 EDT 2026
status, LSWS running: 1
Wed Jul 15 21:02:56 EDT 2026
status, LSWS running: 1
Wed Jul 15 21:03:56 EDT 2026
status, LSWS running: 1
Wed Jul 15 21:04:56 EDT 2026
status, LSWS running: 1
Wed Jul 15 21:05:56 EDT 2026
status, LSWS running: 1
Wed Jul 15 21:06:56 EDT 2026
status, LSWS running: 1
Wed Jul 15 21:07:56 EDT 2026
status, LSWS running: 1
Wed Jul 15 21:08:56 EDT 2026
status, LSWS running: 1
Wed Jul 15 21:09:56 EDT 2026
status, LSWS running: 1
Wed Jul 15 21:10:56 EDT 2026
status, LSWS running: 1
Wed Jul 15 21:11:56 EDT 2026
status, LSWS running: 1
Wed Jul 15 21:12:56 EDT 2026
status, LSWS running: 1
Wed Jul 15 21:13:56 EDT 2026
status, LSWS running: 1
Wed Jul 15 21:14:56 EDT 2026
status, LSWS running: 1
Wed Jul 15 21:15:56 EDT 2026
status, LSWS running: 1
Wed Jul 15 21:16:56 EDT 2026
status, LSWS running: 1
Wed Jul 15 21:17:56 EDT 2026
status, LSWS running: 1
Wed Jul 15 21:18:56 EDT 2026
status, LSWS running: 1
Wed Jul 15 21:19:56 EDT 2026
status, LSWS running: 1
Wed Jul 15 21:20:56 EDT 2026
status, LSWS running: 1
Wed Jul 15 21:21:56 EDT 2026
status, LSWS running: 1
Wed Jul 15 21:22:56 EDT 2026
status, LSWS running: 1
Wed Jul 15 21:23:56 EDT 2026
status, LSWS running: 1
Wed Jul 15 21:24:56 EDT 2026
status, LSWS running: 1
Wed Jul 15 21:25:56 EDT 2026
status, LSWS running: 1
Wed Jul 15 21:26:56 EDT 2026
status, LSWS running: 1
Wed Jul 15 21:27:56 EDT 2026
status, LSWS running: 1
Wed Jul 15 21:28:56 EDT 2026
status, LSWS running: 1
Wed Jul 15 21:29:56 EDT 2026
status, LSWS running: 1
Wed Jul 15 21:30:56 EDT 2026
status, LSWS running: 1
Wed Jul 15 21:31:56 EDT 2026
status, LSWS running: 1
Wed Jul 15 21:32:56 EDT 2026
status, LSWS running: 1
Wed Jul 15 21:33:56 EDT 2026
status, LSWS running: 1
Wed Jul 15 21:34:57 EDT 2026
status, LSWS running: 1
Wed Jul 15 21:35:57 EDT 2026
status, LSWS running: 1
Wed Jul 15 21:36:57 EDT 2026
status, LSWS running: 1
Wed Jul 15 21:37:57 EDT 2026
status, LSWS running: 1
Wed Jul 15 21:38:57 EDT 2026
status, LSWS running: 1
Wed Jul 15 21:39:57 EDT 2026
status, LSWS running: 1
Wed Jul 15 21:40:57 EDT 2026
status, LSWS running: 1
Wed Jul 15 21:41:57 EDT 2026
status, LSWS running: 1
Wed Jul 15 21:42:57 EDT 2026
status, LSWS running: 1
Wed Jul 15 21:43:57 EDT 2026
status, LSWS running: 1
Wed Jul 15 21:44:57 EDT 2026
status, LSWS running: 1
Wed Jul 15 21:45:57 EDT 2026
status, LSWS running: 1
Wed Jul 15 21:46:57 EDT 2026
status, LSWS running: 1
Wed Jul 15 21:47:57 EDT 2026
status, LSWS running: 1
Wed Jul 15 21:48:57 EDT 2026
status, LSWS running: 1
Wed Jul 15 21:49:57 EDT 2026
status, LSWS running: 1
Wed Jul 15 21:50:57 EDT 2026
status, LSWS running: 1
Wed Jul 15 21:51:57 EDT 2026
status, LSWS running: 1
Wed Jul 15 21:52:57 EDT 2026
status, LSWS running: 1
Wed Jul 15 21:53:57 EDT 2026
status, LSWS running: 1
Wed Jul 15 21:54:57 EDT 2026
status, LSWS running: 1
Wed Jul 15 21:55:57 EDT 2026
status, LSWS running: 1
Wed Jul 15 21:56:57 EDT 2026
status, LSWS running: 1
Wed Jul 15 21:57:57 EDT 2026
status, LSWS running: 1
Wed Jul 15 21:58:57 EDT 2026
status, LSWS running: 1
Wed Jul 15 21:59:57 EDT 2026
status, LSWS running: 1
Wed Jul 15 22:00:57 EDT 2026
status, LSWS running: 1
Wed Jul 15 22:01:57 EDT 2026
status, LSWS running: 1
Wed Jul 15 22:02:57 EDT 2026
status, LSWS running: 1
Wed Jul 15 22:03:57 EDT 2026
status, LSWS running: 1
Wed Jul 15 22:04:57 EDT 2026
status, LSWS running: 1
Wed Jul 15 22:05:57 EDT 2026
status, LSWS running: 1
Wed Jul 15 22:06:57 EDT 2026
status, LSWS running: 1
Wed Jul 15 22:07:57 EDT 2026
status, LSWS running: 1
Wed Jul 15 22:08:57 EDT 2026
status, LSWS running: 1
Wed Jul 15 22:09:57 EDT 2026
status, LSWS running: 1
Wed Jul 15 22:10:57 EDT 2026
status, LSWS running: 1
Wed Jul 15 22:11:57 EDT 2026
status, LSWS running: 1
Wed Jul 15 22:12:57 EDT 2026
status, LSWS running: 1
Wed Jul 15 22:13:57 EDT 2026
status, LSWS running: 1
Wed Jul 15 22:14:57 EDT 2026
status, LSWS running: 1
Wed Jul 15 22:15:57 EDT 2026
status, LSWS running: 1
Wed Jul 15 22:16:57 EDT 2026
status, LSWS running: 1
Wed Jul 15 22:17:57 EDT 2026
status, LSWS running: 1
Wed Jul 15 22:18:57 EDT 2026
status, LSWS running: 1
Wed Jul 15 22:19:57 EDT 2026
status, LSWS running: 1
Wed Jul 15 22:20:57 EDT 2026
status, LSWS running: 1
Wed Jul 15 22:21:57 EDT 2026
status, LSWS running: 1
Wed Jul 15 22:22:57 EDT 2026
status, LSWS running: 1
Wed Jul 15 22:23:57 EDT 2026
status, LSWS running: 1
Wed Jul 15 22:24:57 EDT 2026
status, LSWS running: 1
Wed Jul 15 22:25:57 EDT 2026
status, LSWS running: 1
Wed Jul 15 22:26:57 EDT 2026
status, LSWS running: 1
Wed Jul 15 22:27:57 EDT 2026
status, LSWS running: 1
Wed Jul 15 22:28:57 EDT 2026
status, LSWS running: 1
Wed Jul 15 22:29:57 EDT 2026
status, LSWS running: 1
Wed Jul 15 22:30:57 EDT 2026
status, LSWS running: 1
Wed Jul 15 22:31:57 EDT 2026
status, LSWS running: 1
Wed Jul 15 22:32:57 EDT 2026
status, LSWS running: 1
Wed Jul 15 22:33:57 EDT 2026
status, LSWS running: 1
Wed Jul 15 22:34:57 EDT 2026
status, LSWS running: 1
Wed Jul 15 22:35:57 EDT 2026
status, LSWS running: 1
Wed Jul 15 22:36:57 EDT 2026
status, LSWS running: 1
Wed Jul 15 22:37:57 EDT 2026
status, LSWS running: 1
Wed Jul 15 22:38:57 EDT 2026
status, LSWS running: 1
Wed Jul 15 22:39:57 EDT 2026
status, LSWS running: 1
Wed Jul 15 22:40:57 EDT 2026
status, LSWS running: 1
Wed Jul 15 22:41:57 EDT 2026
status, LSWS running: 1
Wed Jul 15 22:42:58 EDT 2026
status, LSWS running: 1
Wed Jul 15 22:43:58 EDT 2026
status, LSWS running: 1
Wed Jul 15 22:44:58 EDT 2026
status, LSWS running: 1
Wed Jul 15 22:45:58 EDT 2026
status, LSWS running: 1
Wed Jul 15 22:46:58 EDT 2026
status, LSWS running: 1
Wed Jul 15 22:47:58 EDT 2026
status, LSWS running: 1
Wed Jul 15 22:48:58 EDT 2026
status, LSWS running: 1
Wed Jul 15 22:49:58 EDT 2026
status, LSWS running: 1
Wed Jul 15 22:50:58 EDT 2026
status, LSWS running: 1
Wed Jul 15 22:51:58 EDT 2026
status, LSWS running: 1
Wed Jul 15 22:52:58 EDT 2026
status, LSWS running: 1
Wed Jul 15 22:53:58 EDT 2026
status, LSWS running: 1
Wed Jul 15 22:54:58 EDT 2026
status, LSWS running: 1
Wed Jul 15 22:55:58 EDT 2026
status, LSWS running: 1
Wed Jul 15 22:56:58 EDT 2026
status, LSWS running: 1
Wed Jul 15 22:57:58 EDT 2026
status, LSWS running: 1
Wed Jul 15 22:58:58 EDT 2026
status, LSWS running: 1
Wed Jul 15 22:59:58 EDT 2026
status, LSWS running: 1
Wed Jul 15 23:00:58 EDT 2026
status, LSWS running: 1
Wed Jul 15 23:01:58 EDT 2026
status, LSWS running: 1
Wed Jul 15 23:02:58 EDT 2026
status, LSWS running: 1
Wed Jul 15 23:03:58 EDT 2026
status, LSWS running: 1
Wed Jul 15 23:04:58 EDT 2026
status, LSWS running: 1
Wed Jul 15 23:05:58 EDT 2026
status, LSWS running: 1
Wed Jul 15 23:06:58 EDT 2026
status, LSWS running: 1
Wed Jul 15 23:07:58 EDT 2026
status, LSWS running: 1
Wed Jul 15 23:08:58 EDT 2026
status, LSWS running: 1
Wed Jul 15 23:09:58 EDT 2026
status, LSWS running: 1
Wed Jul 15 23:10:58 EDT 2026
status, LSWS running: 1
Wed Jul 15 23:11:58 EDT 2026
status, LSWS running: 1
Wed Jul 15 23:12:58 EDT 2026
status, LSWS running: 1
Wed Jul 15 23:13:58 EDT 2026
status, LSWS running: 1
Wed Jul 15 23:14:58 EDT 2026
status, LSWS running: 1
Wed Jul 15 23:15:58 EDT 2026
status, LSWS running: 1
Wed Jul 15 23:16:58 EDT 2026
status, LSWS running: 1
Wed Jul 15 23:17:58 EDT 2026
status, LSWS running: 1
Wed Jul 15 23:18:58 EDT 2026
status, LSWS running: 1
Wed Jul 15 23:19:58 EDT 2026
status, LSWS running: 1
Wed Jul 15 23:20:58 EDT 2026
status, LSWS running: 1
Wed Jul 15 23:21:58 EDT 2026
status, LSWS running: 1
Wed Jul 15 23:22:58 EDT 2026
status, LSWS running: 1
Wed Jul 15 23:23:58 EDT 2026
status, LSWS running: 1
Wed Jul 15 23:24:58 EDT 2026
status, LSWS running: 1
Wed Jul 15 23:25:58 EDT 2026
status, LSWS running: 1
Wed Jul 15 23:26:58 EDT 2026
status, LSWS running: 1
Wed Jul 15 23:27:58 EDT 2026
status, LSWS running: 1
Wed Jul 15 23:28:58 EDT 2026
status, LSWS running: 1
Wed Jul 15 23:29:58 EDT 2026
status, LSWS running: 1
Wed Jul 15 23:30:58 EDT 2026
status, LSWS running: 1
Wed Jul 15 23:31:58 EDT 2026
status, LSWS running: 1
Wed Jul 15 23:32:58 EDT 2026
status, LSWS running: 1
Wed Jul 15 23:33:58 EDT 2026
status, LSWS running: 1
Wed Jul 15 23:34:58 EDT 2026
status, LSWS running: 1
Wed Jul 15 23:35:58 EDT 2026
status, LSWS running: 1
Wed Jul 15 23:36:58 EDT 2026
status, LSWS running: 1
Wed Jul 15 23:37:58 EDT 2026
status, LSWS running: 1
Wed Jul 15 23:38:58 EDT 2026
status, LSWS running: 1
Wed Jul 15 23:39:58 EDT 2026
status, LSWS running: 1
Wed Jul 15 23:40:58 EDT 2026
status, LSWS running: 1
Wed Jul 15 23:41:58 EDT 2026
status, LSWS running: 1
Wed Jul 15 23:42:58 EDT 2026
status, LSWS running: 1
Wed Jul 15 23:43:58 EDT 2026
status, LSWS running: 1
Wed Jul 15 23:44:58 EDT 2026
status, LSWS running: 1
Wed Jul 15 23:45:58 EDT 2026
status, LSWS running: 1
Wed Jul 15 23:46:58 EDT 2026
status, LSWS running: 1
Wed Jul 15 23:47:58 EDT 2026
status, LSWS running: 1
Wed Jul 15 23:48:58 EDT 2026
status, LSWS running: 1
Wed Jul 15 23:49:58 EDT 2026
status, LSWS running: 1
Wed Jul 15 23:50:58 EDT 2026
status, LSWS running: 1
Wed Jul 15 23:51:58 EDT 2026
status, LSWS running: 1
Wed Jul 15 23:52:58 EDT 2026
status, LSWS running: 1
Wed Jul 15 23:53:58 EDT 2026
status, LSWS running: 1
Wed Jul 15 23:54:58 EDT 2026
status, LSWS running: 1
Wed Jul 15 23:55:58 EDT 2026
status, LSWS running: 1
Wed Jul 15 23:56:58 EDT 2026
status, LSWS running: 1
Wed Jul 15 23:57:58 EDT 2026
status, LSWS running: 1
Wed Jul 15 23:58:58 EDT 2026
status, LSWS running: 1
Wed Jul 15 23:59:58 EDT 2026
status, LSWS running: 1
Thu Jul 16 00:00:58 EDT 2026
status, LSWS running: 1
Thu Jul 16 00:01:58 EDT 2026
status, LSWS running: 1
Thu Jul 16 00:02:58 EDT 2026
status, LSWS running: 1
Thu Jul 16 00:03:58 EDT 2026
status, LSWS running: 1
Thu Jul 16 00:04:58 EDT 2026
status, LSWS running: 1
Thu Jul 16 00:05:58 EDT 2026
status, LSWS running: 1
Thu Jul 16 00:06:58 EDT 2026
status, LSWS running: 1
Thu Jul 16 00:07:58 EDT 2026
status, LSWS running: 1
Thu Jul 16 00:08:58 EDT 2026
status, LSWS running: 1
Thu Jul 16 00:09:58 EDT 2026
status, LSWS running: 1
Thu Jul 16 00:10:58 EDT 2026
status, LSWS running: 1
Thu Jul 16 00:11:58 EDT 2026
status, LSWS running: 1
Thu Jul 16 00:12:58 EDT 2026
status, LSWS running: 1
Thu Jul 16 00:13:58 EDT 2026
status, LSWS running: 1
Thu Jul 16 00:14:58 EDT 2026
status, LSWS running: 1
Thu Jul 16 00:15:58 EDT 2026
status, LSWS running: 1
Thu Jul 16 00:16:58 EDT 2026
status, LSWS running: 1
Thu Jul 16 00:17:58 EDT 2026
status, LSWS running: 1
Thu Jul 16 00:18:58 EDT 2026
status, LSWS running: 1
Thu Jul 16 00:19:59 EDT 2026
status, LSWS running: 1
Thu Jul 16 00:20:59 EDT 2026
status, LSWS running: 1
Thu Jul 16 00:21:59 EDT 2026
status, LSWS running: 1
Thu Jul 16 00:22:59 EDT 2026
status, LSWS running: 1
Thu Jul 16 00:23:59 EDT 2026
status, LSWS running: 1
Thu Jul 16 00:24:59 EDT 2026
status, LSWS running: 1
Thu Jul 16 00:25:59 EDT 2026
status, LSWS running: 1
Thu Jul 16 00:26:59 EDT 2026
status, LSWS running: 1
Thu Jul 16 00:27:59 EDT 2026
status, LSWS running: 1
Thu Jul 16 00:28:59 EDT 2026
status, LSWS running: 1
Thu Jul 16 00:29:59 EDT 2026
status, LSWS running: 1
Thu Jul 16 00:30:59 EDT 2026
status, LSWS running: 1
Thu Jul 16 00:31:59 EDT 2026
status, LSWS running: 1
Thu Jul 16 00:32:59 EDT 2026
status, LSWS running: 1
Thu Jul 16 00:33:59 EDT 2026
status, LSWS running: 1
Thu Jul 16 00:34:59 EDT 2026
status, LSWS running: 1
Thu Jul 16 00:35:59 EDT 2026
status, LSWS running: 1
Thu Jul 16 00:36:59 EDT 2026
status, LSWS running: 1
Thu Jul 16 00:37:59 EDT 2026
status, LSWS running: 1
Thu Jul 16 00:38:59 EDT 2026
status, LSWS running: 1
Thu Jul 16 00:39:59 EDT 2026
status, LSWS running: 1
Thu Jul 16 00:40:59 EDT 2026
status, LSWS running: 1
Thu Jul 16 00:41:59 EDT 2026
status, LSWS running: 1
Thu Jul 16 00:42:59 EDT 2026
status, LSWS running: 1
Thu Jul 16 00:43:59 EDT 2026
status, LSWS running: 1
Thu Jul 16 00:44:59 EDT 2026
status, LSWS running: 1
Thu Jul 16 00:45:59 EDT 2026
status, LSWS running: 1
Thu Jul 16 00:46:59 EDT 2026
status, LSWS running: 1
Thu Jul 16 00:47:59 EDT 2026
status, LSWS running: 1
Thu Jul 16 00:48:59 EDT 2026
status, LSWS running: 1
Thu Jul 16 00:49:59 EDT 2026
status, LSWS running: 1
Thu Jul 16 00:50:59 EDT 2026
status, LSWS running: 1
Thu Jul 16 00:51:59 EDT 2026
status, LSWS running: 1
Thu Jul 16 00:52:59 EDT 2026
status, LSWS running: 1
Thu Jul 16 00:53:59 EDT 2026
status, LSWS running: 1
Thu Jul 16 00:54:59 EDT 2026
status, LSWS running: 1
Thu Jul 16 00:55:59 EDT 2026
status, LSWS running: 1
Thu Jul 16 00:56:59 EDT 2026
status, LSWS running: 1
Thu Jul 16 00:57:59 EDT 2026
status, LSWS running: 1
Thu Jul 16 00:58:59 EDT 2026
status, LSWS running: 1
Thu Jul 16 00:59:59 EDT 2026
status, LSWS running: 1
Thu Jul 16 01:00:59 EDT 2026
status, LSWS running: 1
Thu Jul 16 01:01:59 EDT 2026
status, LSWS running: 1
Thu Jul 16 01:02:59 EDT 2026
status, LSWS running: 1
Thu Jul 16 01:03:59 EDT 2026
status, LSWS running: 1
Thu Jul 16 01:04:59 EDT 2026
status, LSWS running: 1
Thu Jul 16 01:05:59 EDT 2026
status, LSWS running: 1
Thu Jul 16 01:06:59 EDT 2026
status, LSWS running: 1
Thu Jul 16 01:07:59 EDT 2026
status, LSWS running: 1
Thu Jul 16 01:08:59 EDT 2026
status, LSWS running: 1
Thu Jul 16 01:09:59 EDT 2026
status, LSWS running: 1
Thu Jul 16 01:10:59 EDT 2026
status, LSWS running: 1
Thu Jul 16 01:11:59 EDT 2026
status, LSWS running: 1
Thu Jul 16 01:12:59 EDT 2026
status, LSWS running: 1
Thu Jul 16 01:13:59 EDT 2026
status, LSWS running: 1
Thu Jul 16 01:14:59 EDT 2026
status, LSWS running: 1
Thu Jul 16 01:15:59 EDT 2026
status, LSWS running: 1
Thu Jul 16 01:16:59 EDT 2026
status, LSWS running: 1
Thu Jul 16 01:17:59 EDT 2026
status, LSWS running: 1
Thu Jul 16 01:18:59 EDT 2026
status, LSWS running: 1
Thu Jul 16 01:19:59 EDT 2026
status, LSWS running: 1
Thu Jul 16 01:20:59 EDT 2026
status, LSWS running: 1
Thu Jul 16 01:21:59 EDT 2026
status, LSWS running: 1
Thu Jul 16 01:22:59 EDT 2026
status, LSWS running: 1
Thu Jul 16 01:23:59 EDT 2026
status, LSWS running: 1
Thu Jul 16 01:24:59 EDT 2026
status, LSWS running: 1
Thu Jul 16 01:25:59 EDT 2026
status, LSWS running: 1
Thu Jul 16 01:26:59 EDT 2026
status, LSWS running: 1
Thu Jul 16 01:27:59 EDT 2026
status, LSWS running: 1
Thu Jul 16 01:28:59 EDT 2026
status, LSWS running: 1
Thu Jul 16 01:29:59 EDT 2026
status, LSWS running: 1
Thu Jul 16 01:30:59 EDT 2026
status, LSWS running: 1
Thu Jul 16 01:31:59 EDT 2026
status, LSWS running: 1
Thu Jul 16 01:32:59 EDT 2026
status, LSWS running: 1
Thu Jul 16 01:33:59 EDT 2026
status, LSWS running: 1
Thu Jul 16 01:34:59 EDT 2026
status, LSWS running: 1
Thu Jul 16 01:35:59 EDT 2026
status, LSWS running: 1
Thu Jul 16 01:36:59 EDT 2026
status, LSWS running: 1
Thu Jul 16 01:37:59 EDT 2026
status, LSWS running: 1
Thu Jul 16 01:38:59 EDT 2026
status, LSWS running: 1
Thu Jul 16 01:39:59 EDT 2026
status, LSWS running: 1
Thu Jul 16 01:41:00 EDT 2026
status, LSWS running: 1
Thu Jul 16 01:42:00 EDT 2026
status, LSWS running: 1
Thu Jul 16 01:43:00 EDT 2026
status, LSWS running: 1
Thu Jul 16 01:44:00 EDT 2026
status, LSWS running: 1
Thu Jul 16 01:45:00 EDT 2026
status, LSWS running: 1
Thu Jul 16 01:46:00 EDT 2026
status, LSWS running: 1
Thu Jul 16 01:47:00 EDT 2026
status, LSWS running: 1
Thu Jul 16 01:48:00 EDT 2026
status, LSWS running: 1
Thu Jul 16 01:49:00 EDT 2026
status, LSWS running: 1
Thu Jul 16 01:50:00 EDT 2026
status, LSWS running: 1
Thu Jul 16 01:51:00 EDT 2026
status, LSWS running: 1
Thu Jul 16 01:52:00 EDT 2026
status, LSWS running: 1
Thu Jul 16 01:53:00 EDT 2026
status, LSWS running: 1
Thu Jul 16 01:54:00 EDT 2026
status, LSWS running: 1
Thu Jul 16 01:55:00 EDT 2026
status, LSWS running: 1
Thu Jul 16 01:56:00 EDT 2026
status, LSWS running: 1
Thu Jul 16 01:57:00 EDT 2026
status, LSWS running: 1
Thu Jul 16 01:58:00 EDT 2026
status, LSWS running: 1
Thu Jul 16 01:59:00 EDT 2026
status, LSWS running: 1
Thu Jul 16 02:00:00 EDT 2026
status, LSWS running: 1
Thu Jul 16 02:01:00 EDT 2026
status, LSWS running: 1
Thu Jul 16 02:02:00 EDT 2026
status, LSWS running: 1
Thu Jul 16 02:03:00 EDT 2026
status, LSWS running: 1
Thu Jul 16 02:04:00 EDT 2026
status, LSWS running: 1
Thu Jul 16 02:05:00 EDT 2026
status, LSWS running: 1
Thu Jul 16 02:06:00 EDT 2026
status, LSWS running: 1
Thu Jul 16 02:07:00 EDT 2026
status, LSWS running: 1
Thu Jul 16 02:08:00 EDT 2026
status, LSWS running: 1
Thu Jul 16 02:09:00 EDT 2026
status, LSWS running: 1
Thu Jul 16 02:10:00 EDT 2026
status, LSWS running: 1
Thu Jul 16 02:11:00 EDT 2026
status, LSWS running: 1
Thu Jul 16 02:12:00 EDT 2026
status, LSWS running: 1
Thu Jul 16 02:13:00 EDT 2026
status, LSWS running: 1
Thu Jul 16 02:14:00 EDT 2026
status, LSWS running: 1
Thu Jul 16 02:15:00 EDT 2026
status, LSWS running: 1
Thu Jul 16 02:16:00 EDT 2026
status, LSWS running: 1
Thu Jul 16 02:17:00 EDT 2026
status, LSWS running: 1
Thu Jul 16 02:18:00 EDT 2026
status, LSWS running: 1
Thu Jul 16 02:19:00 EDT 2026
status, LSWS running: 1
Thu Jul 16 02:20:00 EDT 2026
status, LSWS running: 1
Thu Jul 16 02:21:00 EDT 2026
status, LSWS running: 1
Thu Jul 16 02:22:00 EDT 2026
status, LSWS running: 1
Thu Jul 16 02:23:00 EDT 2026
status, LSWS running: 1
Thu Jul 16 02:24:00 EDT 2026
status, LSWS running: 1
Thu Jul 16 02:25:00 EDT 2026
status, LSWS running: 1
Thu Jul 16 02:26:00 EDT 2026
status, LSWS running: 1
Thu Jul 16 02:27:00 EDT 2026
status, LSWS running: 1
Thu Jul 16 02:28:00 EDT 2026
status, LSWS running: 1
Thu Jul 16 02:29:00 EDT 2026
status, LSWS running: 1
Thu Jul 16 02:30:00 EDT 2026
status, LSWS running: 1
Thu Jul 16 02:31:00 EDT 2026
status, LSWS running: 1
Thu Jul 16 02:32:00 EDT 2026
status, LSWS running: 1
Thu Jul 16 02:33:00 EDT 2026
status, LSWS running: 1
Thu Jul 16 02:34:00 EDT 2026
status, LSWS running: 1
Thu Jul 16 02:35:00 EDT 2026
status, LSWS running: 1
Thu Jul 16 02:36:00 EDT 2026
status, LSWS running: 1
Thu Jul 16 02:37:00 EDT 2026
status, LSWS running: 1
Thu Jul 16 02:38:00 EDT 2026
status, LSWS running: 1
Thu Jul 16 02:39:00 EDT 2026
status, LSWS running: 1
Thu Jul 16 02:40:00 EDT 2026
status, LSWS running: 1
Thu Jul 16 02:41:00 EDT 2026
status, LSWS running: 1
Thu Jul 16 02:42:00 EDT 2026
status, LSWS running: 1
Thu Jul 16 02:43:00 EDT 2026
status, LSWS running: 1
Thu Jul 16 02:44:00 EDT 2026
status, LSWS running: 1
Thu Jul 16 02:45:00 EDT 2026
status, LSWS running: 1
Thu Jul 16 02:46:00 EDT 2026
status, LSWS running: 1
Thu Jul 16 02:47:00 EDT 2026
status, LSWS running: 1
Thu Jul 16 02:48:00 EDT 2026
status, LSWS running: 1
Thu Jul 16 02:49:00 EDT 2026
status, LSWS running: 1
Thu Jul 16 02:50:00 EDT 2026
status, LSWS running: 1
Thu Jul 16 02:51:00 EDT 2026
status, LSWS running: 1
Thu Jul 16 02:52:01 EDT 2026
status, LSWS running: 1
Thu Jul 16 02:53:01 EDT 2026
status, LSWS running: 1
Thu Jul 16 02:54:01 EDT 2026
status, LSWS running: 1
Thu Jul 16 02:55:01 EDT 2026
status, LSWS running: 1
Thu Jul 16 02:56:01 EDT 2026
status, LSWS running: 1
Thu Jul 16 02:57:01 EDT 2026
status, LSWS running: 1
Thu Jul 16 02:58:01 EDT 2026
status, LSWS running: 1
Thu Jul 16 02:59:01 EDT 2026
status, LSWS running: 1
Thu Jul 16 03:00:01 EDT 2026
status, LSWS running: 1
Thu Jul 16 03:01:01 EDT 2026
status, LSWS running: 1
Thu Jul 16 03:02:01 EDT 2026
status, LSWS running: 1
Thu Jul 16 03:03:01 EDT 2026
status, LSWS running: 1
Thu Jul 16 03:04:01 EDT 2026
status, LSWS running: 1
Thu Jul 16 03:05:01 EDT 2026
status, LSWS running: 1
Thu Jul 16 03:06:01 EDT 2026
status, LSWS running: 1
Thu Jul 16 03:07:01 EDT 2026
status, LSWS running: 1
Thu Jul 16 03:08:01 EDT 2026
status, LSWS running: 1
Thu Jul 16 03:09:01 EDT 2026
status, LSWS running: 1
Thu Jul 16 03:10:01 EDT 2026
status, LSWS running: 1
Thu Jul 16 03:11:01 EDT 2026
status, LSWS running: 1
Thu Jul 16 03:12:01 EDT 2026
status, LSWS running: 1
Thu Jul 16 03:13:01 EDT 2026
status, LSWS running: 1
Thu Jul 16 03:14:01 EDT 2026
status, LSWS running: 1
Thu Jul 16 03:15:01 EDT 2026
status, LSWS running: 1
Thu Jul 16 03:16:01 EDT 2026
status, LSWS running: 1
Thu Jul 16 03:17:01 EDT 2026
status, LSWS running: 1
Thu Jul 16 03:18:01 EDT 2026
status, LSWS running: 1
Thu Jul 16 03:19:01 EDT 2026
status, LSWS running: 1
Thu Jul 16 03:20:01 EDT 2026
status, LSWS running: 1
Thu Jul 16 03:21:01 EDT 2026
status, LSWS running: 1
Thu Jul 16 03:22:01 EDT 2026
status, LSWS running: 1
Thu Jul 16 03:23:01 EDT 2026
status, LSWS running: 1
Thu Jul 16 03:24:01 EDT 2026
status, LSWS running: 1
Thu Jul 16 03:25:01 EDT 2026
status, LSWS running: 1
Thu Jul 16 03:26:01 EDT 2026
status, LSWS running: 1
Thu Jul 16 03:27:01 EDT 2026
status, LSWS running: 1
Thu Jul 16 03:28:01 EDT 2026
status, LSWS running: 1
Thu Jul 16 03:29:01 EDT 2026
status, LSWS running: 1
Thu Jul 16 03:30:01 EDT 2026
status, LSWS running: 1
Thu Jul 16 03:31:01 EDT 2026
status, LSWS running: 1
Thu Jul 16 03:32:01 EDT 2026
status, LSWS running: 1
Thu Jul 16 03:33:01 EDT 2026
status, LSWS running: 1
Thu Jul 16 03:34:01 EDT 2026
status, LSWS running: 1
Thu Jul 16 03:35:01 EDT 2026
status, LSWS running: 1
Thu Jul 16 03:36:01 EDT 2026
status, LSWS running: 1
Thu Jul 16 03:37:01 EDT 2026
status, LSWS running: 1
Thu Jul 16 03:38:01 EDT 2026
status, LSWS running: 1
Thu Jul 16 03:39:01 EDT 2026
status, LSWS running: 1
Thu Jul 16 03:40:01 EDT 2026
status, LSWS running: 1
Thu Jul 16 03:41:01 EDT 2026
status, LSWS running: 1
Thu Jul 16 03:42:01 EDT 2026
status, LSWS running: 1
Thu Jul 16 03:43:01 EDT 2026
status, LSWS running: 1
Thu Jul 16 03:44:01 EDT 2026
status, LSWS running: 1
Thu Jul 16 03:45:01 EDT 2026
status, LSWS running: 1
Thu Jul 16 03:46:01 EDT 2026
status, LSWS running: 1
Thu Jul 16 03:47:01 EDT 2026
status, LSWS running: 1
Thu Jul 16 03:48:01 EDT 2026
status, LSWS running: 1
Thu Jul 16 03:49:01 EDT 2026
status, LSWS running: 1
Thu Jul 16 03:50:01 EDT 2026
status, LSWS running: 1
Thu Jul 16 03:51:01 EDT 2026
status, LSWS running: 1
Thu Jul 16 03:52:01 EDT 2026
status, LSWS running: 1
Thu Jul 16 03:53:01 EDT 2026
status, LSWS running: 1
Thu Jul 16 03:54:01 EDT 2026
status, LSWS running: 1
Thu Jul 16 03:55:01 EDT 2026
status, LSWS running: 1
Thu Jul 16 03:56:01 EDT 2026
status, LSWS running: 1
Thu Jul 16 03:57:01 EDT 2026
status, LSWS running: 1
Thu Jul 16 03:58:01 EDT 2026
status, LSWS running: 1
Thu Jul 16 03:59:01 EDT 2026
status, LSWS running: 1
Thu Jul 16 04:00:01 EDT 2026
status, LSWS running: 1
Thu Jul 16 04:01:01 EDT 2026
status, LSWS running: 1
Thu Jul 16 04:02:01 EDT 2026
status, LSWS running: 1
Thu Jul 16 04:03:01 EDT 2026
status, LSWS running: 1
Thu Jul 16 04:04:01 EDT 2026
status, LSWS running: 1
Thu Jul 16 04:05:02 EDT 2026
status, LSWS running: 1
Thu Jul 16 04:06:02 EDT 2026
status, LSWS running: 1
Thu Jul 16 04:07:02 EDT 2026
status, LSWS running: 1
Thu Jul 16 04:08:02 EDT 2026
status, LSWS running: 1
Thu Jul 16 04:09:02 EDT 2026
status, LSWS running: 1
Thu Jul 16 04:10:02 EDT 2026
status, LSWS running: 1
Thu Jul 16 04:11:02 EDT 2026
status, LSWS running: 1
Thu Jul 16 04:12:02 EDT 2026
status, LSWS running: 1
Thu Jul 16 04:13:02 EDT 2026
status, LSWS running: 1
Thu Jul 16 04:14:02 EDT 2026
status, LSWS running: 1
Thu Jul 16 04:15:02 EDT 2026
status, LSWS running: 1
Thu Jul 16 04:16:02 EDT 2026
status, LSWS running: 1
Thu Jul 16 04:17:02 EDT 2026
status, LSWS running: 1
Thu Jul 16 04:18:02 EDT 2026
status, LSWS running: 1
Thu Jul 16 04:19:02 EDT 2026
status, LSWS running: 1
Thu Jul 16 04:20:02 EDT 2026
status, LSWS running: 1
Thu Jul 16 04:21:02 EDT 2026
status, LSWS running: 1
Thu Jul 16 04:22:02 EDT 2026
status, LSWS running: 1
Thu Jul 16 04:23:02 EDT 2026
status, LSWS running: 1
Thu Jul 16 04:24:02 EDT 2026
status, LSWS running: 1
Thu Jul 16 04:25:02 EDT 2026
status, LSWS running: 1
Thu Jul 16 04:26:02 EDT 2026
status, LSWS running: 1
Thu Jul 16 04:27:02 EDT 2026
status, LSWS running: 1
Thu Jul 16 04:28:02 EDT 2026
status, LSWS running: 1
Thu Jul 16 04:29:02 EDT 2026
status, LSWS running: 1
Thu Jul 16 04:30:02 EDT 2026
status, LSWS running: 1
Thu Jul 16 04:31:02 EDT 2026
status, LSWS running: 1
Thu Jul 16 04:32:02 EDT 2026
status, LSWS running: 1
Thu Jul 16 04:33:02 EDT 2026
status, LSWS running: 1
Thu Jul 16 04:34:02 EDT 2026
status, LSWS running: 1
Thu Jul 16 04:35:02 EDT 2026
status, LSWS running: 1
Thu Jul 16 04:36:02 EDT 2026
status, LSWS running: 1
Thu Jul 16 04:37:02 EDT 2026
status, LSWS running: 1
Thu Jul 16 04:38:02 EDT 2026
status, LSWS running: 1
Thu Jul 16 04:39:02 EDT 2026
status, LSWS running: 1
Thu Jul 16 04:40:02 EDT 2026
status, LSWS running: 1
Thu Jul 16 04:41:02 EDT 2026
status, LSWS running: 1
Thu Jul 16 04:42:02 EDT 2026
status, LSWS running: 1
Thu Jul 16 04:43:02 EDT 2026
status, LSWS running: 1
Thu Jul 16 04:44:02 EDT 2026
status, LSWS running: 1
Thu Jul 16 04:45:02 EDT 2026
status, LSWS running: 1
Thu Jul 16 04:46:02 EDT 2026
status, LSWS running: 1
Thu Jul 16 04:47:02 EDT 2026
status, LSWS running: 1
Thu Jul 16 04:48:02 EDT 2026
status, LSWS running: 1
Thu Jul 16 04:49:02 EDT 2026
status, LSWS running: 1
Thu Jul 16 04:50:02 EDT 2026
status, LSWS running: 1
Thu Jul 16 04:51:02 EDT 2026
status, LSWS running: 1
Thu Jul 16 04:52:02 EDT 2026
status, LSWS running: 1
Thu Jul 16 04:53:02 EDT 2026
status, LSWS running: 1
Thu Jul 16 04:54:02 EDT 2026
status, LSWS running: 1
Thu Jul 16 04:55:02 EDT 2026
status, LSWS running: 1
Thu Jul 16 04:56:02 EDT 2026
status, LSWS running: 1
Thu Jul 16 04:57:02 EDT 2026
status, LSWS running: 1
Thu Jul 16 04:58:02 EDT 2026
status, LSWS running: 1
Thu Jul 16 04:59:02 EDT 2026
status, LSWS running: 1
Thu Jul 16 05:00:02 EDT 2026
status, LSWS running: 1
Thu Jul 16 05:01:02 EDT 2026
status, LSWS running: 1
Thu Jul 16 05:02:02 EDT 2026
status, LSWS running: 1
Thu Jul 16 05:03:02 EDT 2026
status, LSWS running: 1
Thu Jul 16 05:04:02 EDT 2026
status, LSWS running: 1
Thu Jul 16 05:05:02 EDT 2026
status, LSWS running: 1
Thu Jul 16 05:06:03 EDT 2026
status, LSWS running: 1
Thu Jul 16 05:07:03 EDT 2026
status, LSWS running: 1
Thu Jul 16 05:08:03 EDT 2026
status, LSWS running: 1
Thu Jul 16 05:09:03 EDT 2026
status, LSWS running: 1
Thu Jul 16 05:10:03 EDT 2026
status, LSWS running: 1
Thu Jul 16 05:11:03 EDT 2026
status, LSWS running: 1
Thu Jul 16 05:12:03 EDT 2026
status, LSWS running: 1
Thu Jul 16 05:13:03 EDT 2026
status, LSWS running: 1
Thu Jul 16 05:14:03 EDT 2026
status, LSWS running: 1
Thu Jul 16 05:15:03 EDT 2026
status, LSWS running: 1
Thu Jul 16 05:16:03 EDT 2026
status, LSWS running: 1
Thu Jul 16 05:17:03 EDT 2026
status, LSWS running: 1
Thu Jul 16 05:18:03 EDT 2026
status, LSWS running: 1
Thu Jul 16 05:19:03 EDT 2026
status, LSWS running: 1
Thu Jul 16 05:20:03 EDT 2026
status, LSWS running: 1
Thu Jul 16 05:21:03 EDT 2026
status, LSWS running: 1
Thu Jul 16 05:22:03 EDT 2026
status, LSWS running: 1
Thu Jul 16 05:23:03 EDT 2026
status, LSWS running: 1
Thu Jul 16 05:24:03 EDT 2026
status, LSWS running: 1
Thu Jul 16 05:25:03 EDT 2026
status, LSWS running: 1
Thu Jul 16 05:26:03 EDT 2026
status, LSWS running: 1
Thu Jul 16 05:27:03 EDT 2026
status, LSWS running: 1
Thu Jul 16 05:28:03 EDT 2026
status, LSWS running: 1
Thu Jul 16 05:29:03 EDT 2026
status, LSWS running: 1
Thu Jul 16 05:30:03 EDT 2026
status, LSWS running: 1
Thu Jul 16 05:31:03 EDT 2026
status, LSWS running: 1
Thu Jul 16 05:32:03 EDT 2026
status, LSWS running: 1
Thu Jul 16 05:33:03 EDT 2026
status, LSWS running: 1
Thu Jul 16 05:34:03 EDT 2026
status, LSWS running: 1
Thu Jul 16 05:35:03 EDT 2026
status, LSWS running: 1
Thu Jul 16 05:36:03 EDT 2026
status, LSWS running: 1
Thu Jul 16 05:37:03 EDT 2026
status, LSWS running: 1
Thu Jul 16 05:38:03 EDT 2026
status, LSWS running: 1
Thu Jul 16 05:39:03 EDT 2026
status, LSWS running: 1
Thu Jul 16 05:40:03 EDT 2026
status, LSWS running: 1
Thu Jul 16 05:41:03 EDT 2026
status, LSWS running: 1
Thu Jul 16 05:42:03 EDT 2026
status, LSWS running: 1
Thu Jul 16 05:43:03 EDT 2026
status, LSWS running: 1
Thu Jul 16 05:44:03 EDT 2026
status, LSWS running: 1
Thu Jul 16 05:45:03 EDT 2026
status, LSWS running: 1
Thu Jul 16 05:46:03 EDT 2026
status, LSWS running: 1
Thu Jul 16 05:47:03 EDT 2026
status, LSWS running: 1
Thu Jul 16 05:48:03 EDT 2026
status, LSWS running: 1
Thu Jul 16 05:49:03 EDT 2026
status, LSWS running: 1
Thu Jul 16 05:50:03 EDT 2026
status, LSWS running: 1
Thu Jul 16 05:51:03 EDT 2026
status, LSWS running: 1
Thu Jul 16 05:52:03 EDT 2026
status, LSWS running: 1
Thu Jul 16 05:53:03 EDT 2026
status, LSWS running: 1
Thu Jul 16 05:54:03 EDT 2026
status, LSWS running: 1
Thu Jul 16 05:55:03 EDT 2026
status, LSWS running: 1
Thu Jul 16 05:56:03 EDT 2026
status, LSWS running: 1
Thu Jul 16 05:57:03 EDT 2026
status, LSWS running: 1
Thu Jul 16 05:58:03 EDT 2026
status, LSWS running: 1
Thu Jul 16 05:59:03 EDT 2026
status, LSWS running: 1
Thu Jul 16 06:00:03 EDT 2026
status, LSWS running: 1
Thu Jul 16 06:01:03 EDT 2026
status, LSWS running: 1
Thu Jul 16 06:02:03 EDT 2026
status, LSWS running: 1
Thu Jul 16 06:03:03 EDT 2026
status, LSWS running: 1
Thu Jul 16 06:04:03 EDT 2026
status, LSWS running: 1
Thu Jul 16 06:05:03 EDT 2026
status, LSWS running: 1
Thu Jul 16 06:06:03 EDT 2026
status, LSWS running: 1
Thu Jul 16 06:07:03 EDT 2026
status, LSWS running: 1
Thu Jul 16 06:08:03 EDT 2026
status, LSWS running: 1
Thu Jul 16 06:09:03 EDT 2026
status, LSWS running: 1
Thu Jul 16 06:10:03 EDT 2026
status, LSWS running: 1
Thu Jul 16 06:11:03 EDT 2026
status, LSWS running: 1
Thu Jul 16 06:12:03 EDT 2026
status, LSWS running: 1
Thu Jul 16 06:13:03 EDT 2026
status, LSWS running: 1
Thu Jul 16 06:14:03 EDT 2026
status, LSWS running: 1
Thu Jul 16 06:15:03 EDT 2026
status, LSWS running: 1
Thu Jul 16 06:16:03 EDT 2026
status, LSWS running: 1
Thu Jul 16 06:17:03 EDT 2026
status, LSWS running: 1
Thu Jul 16 06:18:03 EDT 2026
status, LSWS running: 1
Thu Jul 16 06:19:03 EDT 2026
status, LSWS running: 1
Thu Jul 16 06:20:03 EDT 2026
status, LSWS running: 1
Thu Jul 16 06:21:03 EDT 2026
status, LSWS running: 1
Thu Jul 16 06:22:03 EDT 2026
status, LSWS running: 1
Thu Jul 16 06:23:03 EDT 2026
status, LSWS running: 1
Thu Jul 16 06:24:03 EDT 2026
status, LSWS running: 1
Thu Jul 16 06:25:03 EDT 2026
status, LSWS running: 1
Thu Jul 16 06:26:03 EDT 2026
status, LSWS running: 1
Thu Jul 16 06:27:03 EDT 2026
status, LSWS running: 1
Thu Jul 16 06:28:03 EDT 2026
status, LSWS running: 1
Thu Jul 16 06:29:03 EDT 2026
status, LSWS running: 1
Thu Jul 16 06:30:03 EDT 2026
status, LSWS running: 1
Thu Jul 16 06:31:03 EDT 2026
status, LSWS running: 1
Thu Jul 16 06:32:03 EDT 2026
status, LSWS running: 1
Thu Jul 16 06:33:03 EDT 2026
status, LSWS running: 1
Thu Jul 16 06:34:03 EDT 2026
status, LSWS running: 1
Thu Jul 16 06:35:03 EDT 2026
status, LSWS running: 1
Thu Jul 16 06:36:03 EDT 2026
status, LSWS running: 1
Thu Jul 16 06:37:03 EDT 2026
status, LSWS running: 1
Thu Jul 16 06:38:03 EDT 2026
status, LSWS running: 1
Thu Jul 16 06:39:03 EDT 2026
status, LSWS running: 1
Thu Jul 16 06:40:03 EDT 2026
status, LSWS running: 1
Thu Jul 16 06:41:03 EDT 2026
status, LSWS running: 1
Thu Jul 16 06:42:03 EDT 2026
status, LSWS running: 1
Thu Jul 16 06:43:03 EDT 2026
status, LSWS running: 1
Thu Jul 16 06:44:04 EDT 2026
status, LSWS running: 1
Thu Jul 16 06:45:04 EDT 2026
status, LSWS running: 1
Thu Jul 16 06:46:04 EDT 2026
status, LSWS running: 1
Thu Jul 16 06:47:04 EDT 2026
status, LSWS running: 1
Thu Jul 16 06:48:04 EDT 2026
status, LSWS running: 1
Thu Jul 16 06:49:04 EDT 2026
status, LSWS running: 1
Thu Jul 16 06:50:04 EDT 2026
status, LSWS running: 1
Thu Jul 16 06:51:04 EDT 2026
status, LSWS running: 1
Thu Jul 16 06:52:04 EDT 2026
status, LSWS running: 1
Thu Jul 16 06:53:04 EDT 2026
status, LSWS running: 1
Thu Jul 16 06:54:04 EDT 2026
status, LSWS running: 1
Thu Jul 16 06:55:04 EDT 2026
status, LSWS running: 1
Thu Jul 16 06:56:04 EDT 2026
status, LSWS running: 1
Thu Jul 16 06:57:04 EDT 2026
status, LSWS running: 1
Thu Jul 16 06:58:04 EDT 2026
status, LSWS running: 1
Thu Jul 16 06:59:04 EDT 2026
status, LSWS running: 1
Thu Jul 16 07:00:04 EDT 2026
status, LSWS running: 1
Thu Jul 16 07:01:04 EDT 2026
status, LSWS running: 1
Thu Jul 16 07:02:04 EDT 2026
status, LSWS running: 1
Thu Jul 16 07:03:04 EDT 2026
status, LSWS running: 1
Thu Jul 16 07:04:04 EDT 2026
status, LSWS running: 1
Thu Jul 16 07:05:04 EDT 2026
status, LSWS running: 1
Thu Jul 16 07:06:04 EDT 2026
status, LSWS running: 1
Thu Jul 16 07:07:04 EDT 2026
status, LSWS running: 1
Thu Jul 16 07:08:04 EDT 2026
status, LSWS running: 1
Thu Jul 16 07:09:04 EDT 2026
status, LSWS running: 1
Thu Jul 16 07:10:04 EDT 2026
status, LSWS running: 1
Thu Jul 16 07:11:04 EDT 2026
status, LSWS running: 1
Thu Jul 16 07:12:04 EDT 2026
status, LSWS running: 1
Thu Jul 16 07:13:04 EDT 2026
status, LSWS running: 1
Thu Jul 16 07:14:04 EDT 2026
status, LSWS running: 1
Thu Jul 16 07:15:04 EDT 2026
status, LSWS running: 1
Thu Jul 16 07:16:04 EDT 2026
status, LSWS running: 1
Thu Jul 16 07:17:04 EDT 2026
status, LSWS running: 1
Thu Jul 16 07:18:04 EDT 2026
status, LSWS running: 1
Thu Jul 16 07:19:04 EDT 2026
status, LSWS running: 1
Thu Jul 16 07:20:04 EDT 2026
status, LSWS running: 1
Thu Jul 16 07:21:04 EDT 2026
status, LSWS running: 1
Thu Jul 16 07:22:04 EDT 2026
status, LSWS running: 1
Thu Jul 16 07:23:04 EDT 2026
status, LSWS running: 1
Thu Jul 16 07:24:04 EDT 2026
status, LSWS running: 1
Thu Jul 16 07:25:04 EDT 2026
status, LSWS running: 1
Thu Jul 16 07:26:04 EDT 2026
status, LSWS running: 1
Thu Jul 16 07:27:04 EDT 2026
status, LSWS running: 1
Thu Jul 16 07:28:04 EDT 2026
status, LSWS running: 1
Thu Jul 16 07:29:04 EDT 2026
status, LSWS running: 1
Thu Jul 16 07:30:04 EDT 2026
status, LSWS running: 1
Thu Jul 16 07:31:04 EDT 2026
status, LSWS running: 1
Thu Jul 16 07:32:04 EDT 2026
status, LSWS running: 1
Thu Jul 16 07:33:04 EDT 2026
status, LSWS running: 1
Thu Jul 16 07:34:04 EDT 2026
status, LSWS running: 1
Thu Jul 16 07:35:04 EDT 2026
status, LSWS running: 1
Thu Jul 16 07:36:04 EDT 2026
status, LSWS running: 1
Thu Jul 16 07:37:04 EDT 2026
status, LSWS running: 1
Thu Jul 16 07:38:04 EDT 2026
status, LSWS running: 1
Thu Jul 16 07:39:04 EDT 2026
status, LSWS running: 1
Thu Jul 16 07:40:04 EDT 2026
status, LSWS running: 1
Thu Jul 16 07:41:04 EDT 2026
status, LSWS running: 1
Thu Jul 16 07:42:04 EDT 2026
status, LSWS running: 1
Thu Jul 16 07:43:04 EDT 2026
status, LSWS running: 1
Thu Jul 16 07:44:04 EDT 2026
status, LSWS running: 1
Thu Jul 16 07:45:04 EDT 2026
status, LSWS running: 1
Thu Jul 16 07:46:04 EDT 2026
status, LSWS running: 1
Thu Jul 16 07:47:04 EDT 2026
status, LSWS running: 1
Thu Jul 16 07:48:04 EDT 2026
status, LSWS running: 1
Thu Jul 16 07:49:04 EDT 2026
status, LSWS running: 1
Thu Jul 16 07:50:04 EDT 2026
status, LSWS running: 1
Thu Jul 16 07:51:04 EDT 2026
status, LSWS running: 1
Thu Jul 16 07:52:04 EDT 2026
status, LSWS running: 1
Thu Jul 16 07:53:04 EDT 2026
status, LSWS running: 1
Thu Jul 16 07:54:04 EDT 2026
status, LSWS running: 1
Thu Jul 16 07:55:04 EDT 2026
status, LSWS running: 1
Thu Jul 16 07:56:04 EDT 2026
status, LSWS running: 1
Thu Jul 16 07:57:04 EDT 2026
status, LSWS running: 1
Thu Jul 16 07:58:05 EDT 2026
status, LSWS running: 1
Thu Jul 16 07:59:05 EDT 2026
status, LSWS running: 1
Thu Jul 16 08:00:05 EDT 2026
status, LSWS running: 1
Thu Jul 16 08:01:05 EDT 2026
status, LSWS running: 1
Thu Jul 16 08:02:05 EDT 2026
status, LSWS running: 1
Thu Jul 16 08:03:05 EDT 2026
status, LSWS running: 1
Thu Jul 16 08:04:05 EDT 2026
status, LSWS running: 1
Thu Jul 16 08:05:05 EDT 2026
status, LSWS running: 1
Thu Jul 16 08:06:05 EDT 2026
status, LSWS running: 1
Thu Jul 16 08:07:05 EDT 2026
status, LSWS running: 1
Thu Jul 16 08:08:05 EDT 2026
status, LSWS running: 1
Thu Jul 16 08:09:05 EDT 2026
status, LSWS running: 1
Thu Jul 16 08:10:05 EDT 2026
status, LSWS running: 1
Thu Jul 16 08:11:05 EDT 2026
status, LSWS running: 1
Thu Jul 16 08:12:05 EDT 2026
status, LSWS running: 1
Thu Jul 16 08:13:05 EDT 2026
status, LSWS running: 1
Thu Jul 16 08:14:05 EDT 2026
status, LSWS running: 1
Thu Jul 16 08:15:05 EDT 2026
status, LSWS running: 1
Thu Jul 16 08:16:05 EDT 2026
status, LSWS running: 1
Thu Jul 16 08:17:05 EDT 2026
status, LSWS running: 1
Thu Jul 16 08:18:05 EDT 2026
status, LSWS running: 1
Thu Jul 16 08:19:05 EDT 2026
status, LSWS running: 1
Thu Jul 16 08:20:05 EDT 2026
status, LSWS running: 1
Thu Jul 16 08:21:05 EDT 2026
status, LSWS running: 1
Thu Jul 16 08:22:05 EDT 2026
status, LSWS running: 1
Thu Jul 16 08:23:05 EDT 2026
status, LSWS running: 1
Thu Jul 16 08:24:05 EDT 2026
status, LSWS running: 1
Thu Jul 16 08:25:05 EDT 2026
status, LSWS running: 1
Thu Jul 16 08:26:05 EDT 2026
status, LSWS running: 1
Thu Jul 16 08:27:05 EDT 2026
status, LSWS running: 1
Thu Jul 16 08:28:05 EDT 2026
status, LSWS running: 1
Thu Jul 16 08:29:05 EDT 2026
status, LSWS running: 1
Thu Jul 16 08:30:05 EDT 2026
status, LSWS running: 1
Thu Jul 16 08:31:05 EDT 2026
status, LSWS running: 1
Thu Jul 16 08:32:05 EDT 2026
status, LSWS running: 1
Thu Jul 16 08:33:05 EDT 2026
status, LSWS running: 1
Thu Jul 16 08:34:05 EDT 2026
status, LSWS running: 1
Thu Jul 16 08:35:05 EDT 2026
status, LSWS running: 1
Thu Jul 16 08:36:05 EDT 2026
status, LSWS running: 1
Thu Jul 16 08:37:05 EDT 2026
status, LSWS running: 1
Thu Jul 16 08:38:05 EDT 2026
status, LSWS running: 1
Thu Jul 16 08:39:05 EDT 2026
status, LSWS running: 1
Thu Jul 16 08:40:05 EDT 2026
status, LSWS running: 1
Thu Jul 16 08:41:05 EDT 2026
status, LSWS running: 1
Thu Jul 16 08:42:05 EDT 2026
status, LSWS running: 1
Thu Jul 16 08:43:05 EDT 2026
status, LSWS running: 1
Thu Jul 16 08:44:05 EDT 2026
status, LSWS running: 1
Thu Jul 16 08:45:05 EDT 2026
status, LSWS running: 1
Thu Jul 16 08:46:05 EDT 2026
status, LSWS running: 1
Thu Jul 16 08:47:05 EDT 2026
status, LSWS running: 1
Thu Jul 16 08:48:05 EDT 2026
status, LSWS running: 1
Thu Jul 16 08:49:05 EDT 2026
status, LSWS running: 1
Thu Jul 16 08:50:05 EDT 2026
status, LSWS running: 1
Thu Jul 16 08:51:05 EDT 2026
status, LSWS running: 1
Thu Jul 16 08:52:05 EDT 2026
status, LSWS running: 1
Thu Jul 16 08:53:05 EDT 2026
status, LSWS running: 1
Thu Jul 16 08:54:05 EDT 2026
status, LSWS running: 1
Thu Jul 16 08:55:05 EDT 2026
status, LSWS running: 1
Thu Jul 16 08:56:05 EDT 2026
status, LSWS running: 1
Thu Jul 16 08:57:05 EDT 2026
status, LSWS running: 1
Thu Jul 16 08:58:05 EDT 2026
status, LSWS running: 1
Thu Jul 16 08:59:05 EDT 2026
status, LSWS running: 1
Thu Jul 16 09:00:05 EDT 2026
status, LSWS running: 1
Thu Jul 16 09:01:05 EDT 2026
status, LSWS running: 1
Thu Jul 16 09:02:05 EDT 2026
status, LSWS running: 1
Thu Jul 16 09:03:05 EDT 2026
status, LSWS running: 1
Thu Jul 16 09:04:05 EDT 2026
status, LSWS running: 1
Thu Jul 16 09:05:05 EDT 2026
status, LSWS running: 1
Thu Jul 16 09:06:05 EDT 2026
status, LSWS running: 1
Thu Jul 16 09:07:05 EDT 2026
status, LSWS running: 1
Thu Jul 16 09:08:05 EDT 2026
status, LSWS running: 1
Thu Jul 16 09:09:05 EDT 2026
status, LSWS running: 1
Thu Jul 16 09:10:05 EDT 2026
status, LSWS running: 1
Thu Jul 16 09:11:05 EDT 2026
status, LSWS running: 1
Thu Jul 16 09:12:05 EDT 2026
status, LSWS running: 1
Thu Jul 16 09:13:05 EDT 2026
status, LSWS running: 1
Thu Jul 16 09:14:05 EDT 2026
status, LSWS running: 1
Thu Jul 16 09:15:05 EDT 2026
status, LSWS running: 1
Thu Jul 16 09:16:05 EDT 2026
status, LSWS running: 1
Thu Jul 16 09:17:05 EDT 2026
status, LSWS running: 1
Thu Jul 16 09:18:05 EDT 2026
status, LSWS running: 1
Thu Jul 16 09:19:05 EDT 2026
status, LSWS running: 1
Thu Jul 16 09:20:05 EDT 2026
status, LSWS running: 1
Thu Jul 16 09:21:05 EDT 2026
status, LSWS running: 1
Thu Jul 16 09:22:05 EDT 2026
status, LSWS running: 1
Thu Jul 16 09:23:05 EDT 2026
status, LSWS running: 1
Thu Jul 16 09:24:06 EDT 2026
status, LSWS running: 1
Thu Jul 16 09:25:06 EDT 2026
status, LSWS running: 1
Thu Jul 16 09:26:06 EDT 2026
status, LSWS running: 1
Thu Jul 16 09:27:06 EDT 2026
status, LSWS running: 1
Thu Jul 16 09:28:06 EDT 2026
status, LSWS running: 1
Thu Jul 16 09:29:06 EDT 2026
status, LSWS running: 1
Thu Jul 16 09:30:06 EDT 2026
status, LSWS running: 1
Thu Jul 16 09:31:06 EDT 2026
status, LSWS running: 1
Thu Jul 16 09:32:06 EDT 2026
status, LSWS running: 1
Thu Jul 16 09:33:06 EDT 2026
status, LSWS running: 1
Thu Jul 16 09:34:06 EDT 2026
status, LSWS running: 1
Thu Jul 16 09:35:06 EDT 2026
status, LSWS running: 1
Thu Jul 16 09:36:06 EDT 2026
status, LSWS running: 1
Thu Jul 16 09:37:06 EDT 2026
status, LSWS running: 1
Thu Jul 16 09:38:06 EDT 2026
status, LSWS running: 1
Thu Jul 16 09:39:06 EDT 2026
status, LSWS running: 1
Thu Jul 16 09:40:06 EDT 2026
status, LSWS running: 1
Thu Jul 16 09:41:06 EDT 2026
status, LSWS running: 1
Thu Jul 16 09:42:06 EDT 2026
status, LSWS running: 1
Thu Jul 16 09:43:06 EDT 2026
status, LSWS running: 1
Thu Jul 16 09:44:06 EDT 2026
status, LSWS running: 1
Thu Jul 16 09:45:06 EDT 2026
status, LSWS running: 1
Thu Jul 16 09:46:06 EDT 2026
status, LSWS running: 1
Thu Jul 16 09:47:06 EDT 2026
status, LSWS running: 1
Thu Jul 16 09:48:06 EDT 2026
status, LSWS running: 1
Thu Jul 16 09:49:06 EDT 2026
status, LSWS running: 1
Thu Jul 16 09:50:06 EDT 2026
status, LSWS running: 1
Thu Jul 16 09:51:06 EDT 2026
status, LSWS running: 1
Thu Jul 16 09:52:06 EDT 2026
status, LSWS running: 1
Thu Jul 16 09:53:06 EDT 2026
status, LSWS running: 1
Thu Jul 16 09:54:06 EDT 2026
status, LSWS running: 1
Thu Jul 16 09:55:06 EDT 2026
status, LSWS running: 1
Thu Jul 16 09:56:06 EDT 2026
status, LSWS running: 1
Thu Jul 16 09:57:06 EDT 2026
status, LSWS running: 1
Thu Jul 16 09:58:06 EDT 2026
status, LSWS running: 1
Thu Jul 16 09:59:06 EDT 2026
status, LSWS running: 1
Thu Jul 16 10:00:06 EDT 2026
status, LSWS running: 1
Thu Jul 16 10:01:06 EDT 2026
status, LSWS running: 1
Thu Jul 16 10:02:06 EDT 2026
status, LSWS running: 1
Thu Jul 16 10:03:06 EDT 2026
status, LSWS running: 1
Thu Jul 16 10:04:06 EDT 2026
status, LSWS running: 1
Thu Jul 16 10:05:06 EDT 2026
status, LSWS running: 1
Thu Jul 16 10:06:06 EDT 2026
status, LSWS running: 1
Thu Jul 16 10:07:06 EDT 2026
status, LSWS running: 1
Thu Jul 16 10:08:06 EDT 2026
status, LSWS running: 1
Thu Jul 16 10:09:06 EDT 2026
status, LSWS running: 1
Thu Jul 16 10:10:06 EDT 2026
status, LSWS running: 1
Thu Jul 16 10:11:06 EDT 2026
status, LSWS running: 1
Thu Jul 16 10:12:06 EDT 2026
status, LSWS running: 1
Thu Jul 16 10:13:06 EDT 2026
status, LSWS running: 1
Thu Jul 16 10:14:06 EDT 2026
status, LSWS running: 1
Thu Jul 16 10:15:06 EDT 2026
status, LSWS running: 1
Thu Jul 16 10:16:06 EDT 2026
status, LSWS running: 1
Thu Jul 16 10:17:06 EDT 2026
status, LSWS running: 1
Thu Jul 16 10:18:06 EDT 2026
status, LSWS running: 1
Thu Jul 16 10:19:06 EDT 2026
status, LSWS running: 1
Thu Jul 16 10:20:06 EDT 2026
status, LSWS running: 1
Thu Jul 16 10:21:06 EDT 2026
status, LSWS running: 1
Thu Jul 16 10:22:06 EDT 2026
status, LSWS running: 1
Thu Jul 16 10:23:06 EDT 2026
status, LSWS running: 1
Thu Jul 16 10:24:06 EDT 2026
status, LSWS running: 1
Thu Jul 16 10:25:06 EDT 2026
status, LSWS running: 1
Thu Jul 16 10:26:06 EDT 2026
status, LSWS running: 1
Thu Jul 16 10:27:06 EDT 2026
status, LSWS running: 1
Thu Jul 16 10:28:06 EDT 2026
status, LSWS running: 1
Thu Jul 16 10:29:06 EDT 2026
status, LSWS running: 1
Thu Jul 16 10:30:06 EDT 2026
status, LSWS running: 1
Thu Jul 16 10:31:06 EDT 2026
status, LSWS running: 1
Thu Jul 16 10:32:06 EDT 2026
status, LSWS running: 1
Thu Jul 16 10:33:06 EDT 2026
status, LSWS running: 1
Thu Jul 16 10:34:06 EDT 2026
status, LSWS running: 1
Thu Jul 16 10:35:06 EDT 2026
status, LSWS running: 1
Thu Jul 16 10:36:06 EDT 2026
status, LSWS running: 1
Thu Jul 16 10:37:07 EDT 2026
status, LSWS running: 1
Thu Jul 16 10:38:07 EDT 2026
status, LSWS running: 1
Thu Jul 16 10:39:07 EDT 2026
status, LSWS running: 1
Thu Jul 16 10:40:07 EDT 2026
status, LSWS running: 1
Thu Jul 16 10:41:07 EDT 2026
status, LSWS running: 1
Thu Jul 16 10:42:07 EDT 2026
status, LSWS running: 1
Thu Jul 16 10:43:07 EDT 2026
status, LSWS running: 1
Thu Jul 16 10:44:07 EDT 2026
status, LSWS running: 1
Thu Jul 16 10:45:07 EDT 2026
status, LSWS running: 1
Thu Jul 16 10:46:07 EDT 2026
status, LSWS running: 1
Thu Jul 16 10:47:07 EDT 2026
status, LSWS running: 1
Thu Jul 16 10:48:07 EDT 2026
status, LSWS running: 1
Thu Jul 16 10:49:07 EDT 2026
status, LSWS running: 1
Thu Jul 16 10:50:07 EDT 2026
status, LSWS running: 1
Thu Jul 16 10:51:07 EDT 2026
status, LSWS running: 1
Thu Jul 16 10:52:07 EDT 2026
status, LSWS running: 1
Thu Jul 16 10:53:07 EDT 2026
status, LSWS running: 1
Thu Jul 16 10:54:07 EDT 2026
status, LSWS running: 1
Thu Jul 16 10:55:07 EDT 2026
status, LSWS running: 1
Thu Jul 16 10:56:07 EDT 2026
status, LSWS running: 1
Thu Jul 16 10:57:07 EDT 2026
status, LSWS running: 1
Thu Jul 16 10:58:07 EDT 2026
status, LSWS running: 1
Thu Jul 16 10:59:07 EDT 2026
status, LSWS running: 1
Thu Jul 16 11:00:07 EDT 2026
status, LSWS running: 1
Thu Jul 16 11:01:07 EDT 2026
status, LSWS running: 1
Thu Jul 16 11:02:07 EDT 2026
status, LSWS running: 1
Thu Jul 16 11:03:07 EDT 2026
status, LSWS running: 1
Thu Jul 16 11:04:07 EDT 2026
status, LSWS running: 1
Thu Jul 16 11:05:07 EDT 2026
status, LSWS running: 1
Thu Jul 16 11:06:07 EDT 2026
status, LSWS running: 1
Thu Jul 16 11:07:07 EDT 2026
status, LSWS running: 1
Thu Jul 16 11:08:07 EDT 2026
status, LSWS running: 1
Thu Jul 16 11:09:07 EDT 2026
status, LSWS running: 1
Thu Jul 16 11:10:07 EDT 2026
status, LSWS running: 1
Thu Jul 16 11:11:07 EDT 2026
status, LSWS running: 1
Thu Jul 16 11:12:07 EDT 2026
status, LSWS running: 1
Thu Jul 16 11:13:07 EDT 2026
status, LSWS running: 1
Thu Jul 16 11:14:07 EDT 2026
status, LSWS running: 1
Thu Jul 16 11:15:07 EDT 2026
status, LSWS running: 1
Thu Jul 16 11:16:07 EDT 2026
status, LSWS running: 1
Thu Jul 16 11:17:07 EDT 2026
status, LSWS running: 1
Thu Jul 16 11:18:07 EDT 2026
status, LSWS running: 1
Thu Jul 16 11:19:07 EDT 2026
status, LSWS running: 1
Thu Jul 16 11:20:07 EDT 2026
status, LSWS running: 1
Thu Jul 16 11:21:07 EDT 2026
status, LSWS running: 1
Thu Jul 16 11:22:07 EDT 2026
status, LSWS running: 1
Thu Jul 16 11:23:07 EDT 2026
status, LSWS running: 1
Thu Jul 16 11:24:07 EDT 2026
status, LSWS running: 1
Thu Jul 16 11:25:07 EDT 2026
status, LSWS running: 1
Thu Jul 16 11:26:07 EDT 2026
status, LSWS running: 1
Thu Jul 16 11:27:07 EDT 2026
status, LSWS running: 1
Thu Jul 16 11:28:07 EDT 2026
status, LSWS running: 1
Thu Jul 16 11:29:07 EDT 2026
status, LSWS running: 1
Thu Jul 16 11:30:07 EDT 2026
status, LSWS running: 1
Thu Jul 16 11:31:07 EDT 2026
status, LSWS running: 1
Thu Jul 16 11:32:07 EDT 2026
status, LSWS running: 1
Thu Jul 16 11:33:07 EDT 2026
status, LSWS running: 1
Thu Jul 16 11:34:07 EDT 2026
status, LSWS running: 1
Thu Jul 16 11:35:07 EDT 2026
status, LSWS running: 1
Thu Jul 16 11:36:07 EDT 2026
status, LSWS running: 1
Thu Jul 16 11:37:07 EDT 2026
status, LSWS running: 1
Thu Jul 16 11:38:07 EDT 2026
status, LSWS running: 1
Thu Jul 16 11:39:07 EDT 2026
status, LSWS running: 1
Thu Jul 16 11:40:07 EDT 2026
status, LSWS running: 1
Thu Jul 16 11:41:07 EDT 2026
status, LSWS running: 1
Thu Jul 16 11:42:07 EDT 2026
status, LSWS running: 1
Thu Jul 16 11:43:07 EDT 2026
status, LSWS running: 1
Thu Jul 16 11:44:07 EDT 2026
status, LSWS running: 1
Thu Jul 16 11:45:07 EDT 2026
status, LSWS running: 1
Thu Jul 16 11:46:07 EDT 2026
status, LSWS running: 1
Thu Jul 16 11:47:07 EDT 2026
status, LSWS running: 1
Thu Jul 16 11:48:07 EDT 2026
status, LSWS running: 1
Thu Jul 16 11:49:07 EDT 2026
status, LSWS running: 1
Thu Jul 16 11:50:08 EDT 2026
status, LSWS running: 1
Thu Jul 16 11:51:08 EDT 2026
status, LSWS running: 1
Thu Jul 16 11:52:08 EDT 2026
status, LSWS running: 1
Thu Jul 16 11:53:08 EDT 2026
status, LSWS running: 1
Thu Jul 16 11:54:08 EDT 2026
status, LSWS running: 1
Thu Jul 16 11:55:08 EDT 2026
status, LSWS running: 1
Thu Jul 16 11:56:08 EDT 2026
status, LSWS running: 1
Thu Jul 16 11:57:08 EDT 2026
status, LSWS running: 1
Thu Jul 16 11:58:08 EDT 2026
status, LSWS running: 1
Thu Jul 16 11:59:08 EDT 2026
status, LSWS running: 1
Thu Jul 16 12:00:08 EDT 2026
status, LSWS running: 1
Thu Jul 16 12:01:08 EDT 2026
status, LSWS running: 1
Thu Jul 16 12:02:08 EDT 2026
status, LSWS running: 1
Thu Jul 16 12:03:08 EDT 2026
status, LSWS running: 1
Thu Jul 16 12:04:08 EDT 2026
status, LSWS running: 1
Thu Jul 16 12:05:08 EDT 2026
status, LSWS running: 1
Thu Jul 16 12:06:08 EDT 2026
status, LSWS running: 1
Thu Jul 16 12:07:08 EDT 2026
status, LSWS running: 1
Thu Jul 16 12:08:08 EDT 2026
status, LSWS running: 1
Thu Jul 16 12:09:08 EDT 2026
status, LSWS running: 1
Thu Jul 16 12:10:08 EDT 2026
status, LSWS running: 1
Thu Jul 16 12:11:08 EDT 2026
status, LSWS running: 1
Thu Jul 16 12:12:08 EDT 2026
status, LSWS running: 1
Thu Jul 16 12:13:08 EDT 2026
status, LSWS running: 1
Thu Jul 16 12:14:08 EDT 2026
status, LSWS running: 1
Thu Jul 16 12:15:08 EDT 2026
status, LSWS running: 1
Thu Jul 16 12:16:08 EDT 2026
status, LSWS running: 1
Thu Jul 16 12:17:08 EDT 2026
status, LSWS running: 1
Thu Jul 16 12:18:08 EDT 2026
status, LSWS running: 1
Thu Jul 16 12:19:08 EDT 2026
status, LSWS running: 1
Thu Jul 16 12:20:08 EDT 2026
status, LSWS running: 1
Thu Jul 16 12:21:08 EDT 2026
status, LSWS running: 1
Thu Jul 16 12:22:08 EDT 2026
status, LSWS running: 1
Thu Jul 16 12:23:08 EDT 2026
status, LSWS running: 1
Thu Jul 16 12:24:08 EDT 2026
status, LSWS running: 1
Thu Jul 16 12:25:08 EDT 2026
status, LSWS running: 1
Thu Jul 16 12:26:08 EDT 2026
status, LSWS running: 1
Thu Jul 16 12:27:08 EDT 2026
status, LSWS running: 1
Thu Jul 16 12:28:08 EDT 2026
status, LSWS running: 1
Thu Jul 16 12:29:08 EDT 2026
status, LSWS running: 1
Thu Jul 16 12:30:08 EDT 2026
status, LSWS running: 1
Thu Jul 16 12:31:08 EDT 2026
status, LSWS running: 1
Thu Jul 16 12:32:08 EDT 2026
status, LSWS running: 1
Thu Jul 16 12:33:08 EDT 2026
status, LSWS running: 1
Thu Jul 16 12:34:08 EDT 2026
status, LSWS running: 1
Thu Jul 16 12:35:08 EDT 2026
status, LSWS running: 1
Thu Jul 16 12:36:08 EDT 2026
status, LSWS running: 1
Thu Jul 16 12:37:08 EDT 2026
status, LSWS running: 1
Thu Jul 16 12:38:08 EDT 2026
status, LSWS running: 1
Thu Jul 16 12:39:08 EDT 2026
status, LSWS running: 1
Thu Jul 16 12:40:08 EDT 2026
status, LSWS running: 1
Thu Jul 16 12:41:08 EDT 2026
status, LSWS running: 1
Thu Jul 16 12:42:08 EDT 2026
status, LSWS running: 1
Thu Jul 16 12:43:08 EDT 2026
status, LSWS running: 1
Thu Jul 16 12:44:08 EDT 2026
status, LSWS running: 1
Thu Jul 16 12:45:08 EDT 2026
status, LSWS running: 1
Thu Jul 16 12:46:08 EDT 2026
status, LSWS running: 1
Thu Jul 16 12:47:08 EDT 2026
status, LSWS running: 1
Thu Jul 16 12:48:08 EDT 2026
status, LSWS running: 1
Thu Jul 16 12:49:08 EDT 2026
status, LSWS running: 1
Thu Jul 16 12:50:08 EDT 2026
status, LSWS running: 1
Thu Jul 16 12:51:08 EDT 2026
status, LSWS running: 1
Thu Jul 16 12:52:08 EDT 2026
status, LSWS running: 1
Thu Jul 16 12:53:08 EDT 2026
status, LSWS running: 1
Thu Jul 16 12:54:08 EDT 2026
status, LSWS running: 1
Thu Jul 16 12:55:08 EDT 2026
status, LSWS running: 1
Thu Jul 16 12:56:08 EDT 2026
status, LSWS running: 1
Thu Jul 16 12:57:08 EDT 2026
status, LSWS running: 1
Thu Jul 16 12:58:08 EDT 2026
status, LSWS running: 1
Thu Jul 16 12:59:08 EDT 2026
status, LSWS running: 1
Thu Jul 16 13:00:08 EDT 2026
status, LSWS running: 1
Thu Jul 16 13:01:08 EDT 2026
status, LSWS running: 1
Thu Jul 16 13:02:08 EDT 2026
status, LSWS running: 1
Thu Jul 16 13:03:08 EDT 2026
status, LSWS running: 1
Thu Jul 16 13:04:08 EDT 2026
status, LSWS running: 1
Thu Jul 16 13:05:08 EDT 2026
status, LSWS running: 1
Thu Jul 16 13:06:08 EDT 2026
status, LSWS running: 1
Thu Jul 16 13:07:09 EDT 2026
status, LSWS running: 1
Thu Jul 16 13:08:09 EDT 2026
status, LSWS running: 1
Thu Jul 16 13:09:09 EDT 2026
status, LSWS running: 1
Thu Jul 16 13:10:09 EDT 2026
status, LSWS running: 1
Thu Jul 16 13:11:09 EDT 2026
status, LSWS running: 1
Thu Jul 16 13:12:09 EDT 2026
status, LSWS running: 1
Thu Jul 16 13:13:09 EDT 2026
status, LSWS running: 1
Thu Jul 16 13:14:09 EDT 2026
status, LSWS running: 1
Thu Jul 16 13:15:09 EDT 2026
status, LSWS running: 1
Thu Jul 16 13:16:09 EDT 2026
status, LSWS running: 1
Thu Jul 16 13:17:09 EDT 2026
status, LSWS running: 1
Thu Jul 16 13:18:09 EDT 2026
status, LSWS running: 1
Thu Jul 16 13:19:09 EDT 2026
status, LSWS running: 1
Thu Jul 16 13:20:09 EDT 2026
status, LSWS running: 1
Thu Jul 16 13:21:09 EDT 2026
status, LSWS running: 1
Thu Jul 16 13:22:09 EDT 2026
status, LSWS running: 1
Thu Jul 16 13:23:09 EDT 2026
status, LSWS running: 1
Thu Jul 16 13:24:09 EDT 2026
status, LSWS running: 1
Thu Jul 16 13:25:09 EDT 2026
status, LSWS running: 1
Thu Jul 16 13:26:09 EDT 2026
status, LSWS running: 1
Thu Jul 16 13:27:09 EDT 2026
status, LSWS running: 1
Thu Jul 16 13:28:09 EDT 2026
status, LSWS running: 1
Thu Jul 16 13:29:09 EDT 2026
status, LSWS running: 1
Thu Jul 16 13:30:09 EDT 2026
status, LSWS running: 1
Thu Jul 16 13:31:09 EDT 2026
status, LSWS running: 1
Thu Jul 16 13:32:09 EDT 2026
status, LSWS running: 1
Thu Jul 16 13:33:09 EDT 2026
status, LSWS running: 1
Thu Jul 16 13:34:09 EDT 2026
status, LSWS running: 1
Thu Jul 16 13:35:09 EDT 2026
status, LSWS running: 1
Thu Jul 16 13:36:09 EDT 2026
status, LSWS running: 1
Thu Jul 16 13:37:09 EDT 2026
status, LSWS running: 1
Thu Jul 16 13:38:09 EDT 2026
status, LSWS running: 1
Thu Jul 16 13:39:09 EDT 2026
status, LSWS running: 1
Thu Jul 16 13:40:09 EDT 2026
status, LSWS running: 1
Thu Jul 16 13:41:09 EDT 2026
status, LSWS running: 1
Thu Jul 16 13:42:09 EDT 2026
status, LSWS running: 1
Thu Jul 16 13:43:09 EDT 2026
status, LSWS running: 1
Thu Jul 16 13:44:09 EDT 2026
status, LSWS running: 1
Thu Jul 16 13:45:09 EDT 2026
status, LSWS running: 1
Thu Jul 16 13:46:09 EDT 2026
status, LSWS running: 1
Thu Jul 16 13:47:09 EDT 2026
status, LSWS running: 1
Thu Jul 16 13:48:09 EDT 2026
status, LSWS running: 1
Thu Jul 16 13:49:09 EDT 2026
status, LSWS running: 1
Thu Jul 16 13:50:09 EDT 2026
status, LSWS running: 1
Thu Jul 16 13:51:09 EDT 2026
status, LSWS running: 1
Thu Jul 16 13:52:09 EDT 2026
status, LSWS running: 1
Thu Jul 16 13:53:09 EDT 2026
status, LSWS running: 1
Thu Jul 16 13:54:09 EDT 2026
status, LSWS running: 1
Thu Jul 16 13:55:09 EDT 2026
status, LSWS running: 1
Thu Jul 16 13:56:09 EDT 2026
status, LSWS running: 1
Thu Jul 16 13:57:09 EDT 2026
status, LSWS running: 1
Thu Jul 16 13:58:09 EDT 2026
status, LSWS running: 1
Thu Jul 16 13:59:09 EDT 2026
status, LSWS running: 1
Thu Jul 16 14:00:09 EDT 2026
status, LSWS running: 1
Thu Jul 16 14:01:09 EDT 2026
status, LSWS running: 1
Thu Jul 16 14:02:09 EDT 2026
status, LSWS running: 1
Thu Jul 16 14:03:09 EDT 2026
status, LSWS running: 1
Thu Jul 16 14:04:09 EDT 2026
status, LSWS running: 1
Thu Jul 16 14:05:09 EDT 2026
status, LSWS running: 1
Thu Jul 16 14:06:09 EDT 2026
status, LSWS running: 1
Thu Jul 16 14:07:09 EDT 2026
status, LSWS running: 1
Thu Jul 16 14:08:09 EDT 2026
status, LSWS running: 1
Thu Jul 16 14:09:09 EDT 2026
status, LSWS running: 1
Thu Jul 16 14:10:09 EDT 2026
status, LSWS running: 1
Thu Jul 16 14:11:09 EDT 2026
status, LSWS running: 1
Thu Jul 16 14:12:09 EDT 2026
status, LSWS running: 1
Thu Jul 16 14:13:09 EDT 2026
status, LSWS running: 1
Thu Jul 16 14:14:09 EDT 2026
status, LSWS running: 1
Thu Jul 16 14:15:09 EDT 2026
status, LSWS running: 1
Thu Jul 16 14:16:09 EDT 2026
status, LSWS running: 1
Thu Jul 16 14:17:09 EDT 2026
status, LSWS running: 1
Thu Jul 16 14:18:09 EDT 2026
status, LSWS running: 1
Thu Jul 16 14:19:09 EDT 2026
status, LSWS running: 1
Thu Jul 16 14:20:09 EDT 2026
status, LSWS running: 1
Thu Jul 16 14:21:09 EDT 2026
status, LSWS running: 1
Thu Jul 16 14:22:09 EDT 2026
status, LSWS running: 1
Thu Jul 16 14:23:09 EDT 2026
status, LSWS running: 1
Thu Jul 16 14:24:09 EDT 2026
status, LSWS running: 1
Thu Jul 16 14:25:09 EDT 2026
status, LSWS running: 1
Thu Jul 16 14:26:10 EDT 2026
status, LSWS running: 1
Thu Jul 16 14:27:10 EDT 2026
status, LSWS running: 1
Thu Jul 16 14:28:10 EDT 2026
status, LSWS running: 1
Thu Jul 16 14:29:10 EDT 2026
status, LSWS running: 1
Thu Jul 16 14:30:10 EDT 2026
status, LSWS running: 1
Thu Jul 16 14:31:10 EDT 2026
status, LSWS running: 1
Thu Jul 16 14:32:10 EDT 2026
status, LSWS running: 1
Thu Jul 16 14:33:10 EDT 2026
status, LSWS running: 1
Thu Jul 16 14:34:10 EDT 2026
status, LSWS running: 1
Thu Jul 16 14:35:10 EDT 2026
status, LSWS running: 1
Thu Jul 16 14:36:10 EDT 2026
status, LSWS running: 1
Thu Jul 16 14:37:10 EDT 2026
status, LSWS running: 1
Thu Jul 16 14:38:10 EDT 2026
status, LSWS running: 1
Thu Jul 16 14:39:10 EDT 2026
status, LSWS running: 1
Thu Jul 16 14:40:10 EDT 2026
status, LSWS running: 1
Thu Jul 16 14:41:10 EDT 2026
status, LSWS running: 1
Thu Jul 16 14:42:10 EDT 2026
status, LSWS running: 1
Thu Jul 16 14:43:10 EDT 2026
status, LSWS running: 1
Thu Jul 16 14:44:10 EDT 2026
status, LSWS running: 1
Thu Jul 16 14:45:10 EDT 2026
status, LSWS running: 1
Thu Jul 16 14:46:10 EDT 2026
status, LSWS running: 1
Thu Jul 16 14:47:10 EDT 2026
status, LSWS running: 1
Thu Jul 16 14:48:10 EDT 2026
status, LSWS running: 1
Thu Jul 16 14:49:10 EDT 2026
status, LSWS running: 1
Thu Jul 16 14:50:10 EDT 2026
status, LSWS running: 1
Thu Jul 16 14:51:10 EDT 2026
status, LSWS running: 1
Thu Jul 16 14:52:10 EDT 2026
status, LSWS running: 1
Thu Jul 16 14:53:10 EDT 2026
status, LSWS running: 1
Thu Jul 16 14:54:10 EDT 2026
status, LSWS running: 1
Thu Jul 16 14:55:10 EDT 2026
status, LSWS running: 1
Thu Jul 16 14:56:10 EDT 2026
status, LSWS running: 1
Thu Jul 16 14:57:10 EDT 2026
status, LSWS running: 1
Thu Jul 16 14:58:10 EDT 2026
status, LSWS running: 1
Thu Jul 16 14:59:10 EDT 2026
status, LSWS running: 1
Thu Jul 16 15:00:10 EDT 2026
status, LSWS running: 1
Thu Jul 16 15:01:10 EDT 2026
status, LSWS running: 1
Thu Jul 16 15:02:10 EDT 2026
status, LSWS running: 1
Thu Jul 16 15:03:10 EDT 2026
status, LSWS running: 1
Thu Jul 16 15:04:10 EDT 2026
status, LSWS running: 1
Thu Jul 16 15:05:10 EDT 2026
status, LSWS running: 1
Thu Jul 16 15:06:10 EDT 2026
status, LSWS running: 1
Thu Jul 16 15:07:10 EDT 2026
status, LSWS running: 1
Thu Jul 16 15:08:10 EDT 2026
status, LSWS running: 1
Thu Jul 16 15:09:10 EDT 2026
status, LSWS running: 1
Thu Jul 16 15:10:10 EDT 2026
status, LSWS running: 1
Thu Jul 16 15:11:10 EDT 2026
status, LSWS running: 1
Thu Jul 16 15:12:10 EDT 2026
status, LSWS running: 1
Thu Jul 16 15:13:11 EDT 2026
status, LSWS running: 1
Thu Jul 16 15:14:12 EDT 2026
status, LSWS running: 1
Thu Jul 16 15:15:11 EDT 2026
status, LSWS running: 1
Thu Jul 16 16:23:39 EDT 2026
status, LSWS running: 1
Thu Jul 16 16:24:39 EDT 2026
status, LSWS running: 1
Thu Jul 16 16:25:40 EDT 2026
status, LSWS running: 1
Thu Jul 16 16:26:40 EDT 2026
status, LSWS running: 1
Thu Jul 16 16:27:40 EDT 2026
status, LSWS running: 1
Thu Jul 16 16:28:40 EDT 2026
status, LSWS running: 1
Thu Jul 16 16:29:40 EDT 2026
status, LSWS running: 1
Thu Jul 16 16:30:40 EDT 2026
status, LSWS running: 1
Thu Jul 16 16:31:40 EDT 2026
status, LSWS running: 1
Thu Jul 16 16:32:40 EDT 2026
status, LSWS running: 1
Thu Jul 16 16:33:40 EDT 2026
status, LSWS running: 1
Thu Jul 16 16:34:40 EDT 2026
status, LSWS running: 1
Thu Jul 16 16:35:40 EDT 2026
status, LSWS running: 1
Thu Jul 16 16:36:40 EDT 2026
status, LSWS running: 1
Thu Jul 16 16:37:40 EDT 2026
status, LSWS running: 1
Thu Jul 16 16:38:40 EDT 2026
status, LSWS running: 1
Thu Jul 16 16:39:40 EDT 2026
status, LSWS running: 1
Thu Jul 16 16:40:40 EDT 2026
status, LSWS running: 1
Thu Jul 16 16:41:40 EDT 2026
status, LSWS running: 1
Thu Jul 16 16:42:40 EDT 2026
status, LSWS running: 1
Thu Jul 16 16:43:40 EDT 2026
status, LSWS running: 1
Thu Jul 16 16:44:40 EDT 2026
status, LSWS running: 1
Thu Jul 16 16:45:40 EDT 2026
status, LSWS running: 1
Thu Jul 16 16:46:40 EDT 2026
status, LSWS running: 1
Thu Jul 16 16:47:40 EDT 2026
status, LSWS running: 1
Thu Jul 16 16:48:40 EDT 2026
status, LSWS running: 1
Thu Jul 16 16:49:40 EDT 2026
status, LSWS running: 1
Thu Jul 16 16:50:40 EDT 2026
status, LSWS running: 1
Thu Jul 16 16:51:40 EDT 2026
status, LSWS running: 1
Thu Jul 16 16:52:40 EDT 2026
status, LSWS running: 1
Thu Jul 16 16:53:40 EDT 2026
status, LSWS running: 1
Thu Jul 16 16:54:40 EDT 2026
status, LSWS running: 1
Thu Jul 16 16:55:40 EDT 2026
status, LSWS running: 1
Thu Jul 16 16:56:40 EDT 2026
status, LSWS running: 1
Thu Jul 16 16:57:40 EDT 2026
status, LSWS running: 1
Thu Jul 16 16:58:40 EDT 2026
status, LSWS running: 1
Thu Jul 16 16:59:40 EDT 2026
status, LSWS running: 1
Thu Jul 16 17:00:40 EDT 2026
status, LSWS running: 1
Thu Jul 16 17:01:40 EDT 2026
status, LSWS running: 1
Thu Jul 16 17:02:40 EDT 2026
status, LSWS running: 1
Thu Jul 16 17:03:40 EDT 2026
status, LSWS running: 1
Thu Jul 16 17:05:07 EDT 2026
status, LSWS running: 1
Thu Jul 16 19:05:06 EDT 2026
status, LSWS running: 1
Thu Jul 16 19:51:55 EDT 2026
status, LSWS running: 1
Thu Jul 16 20:02:33 EDT 2026
status, LSWS running: 1
Thu Jul 16 20:03:33 EDT 2026
status, LSWS running: 1
Thu Jul 16 20:04:33 EDT 2026
status, LSWS running: 1
Thu Jul 16 20:05:33 EDT 2026
status, LSWS running: 1
Thu Jul 16 20:06:33 EDT 2026
status, LSWS running: 1
Thu Jul 16 20:07:33 EDT 2026
status, LSWS running: 1
Thu Jul 16 20:08:33 EDT 2026
status, LSWS running: 1
Thu Jul 16 20:09:33 EDT 2026
status, LSWS running: 1
Thu Jul 16 20:10:33 EDT 2026
status, LSWS running: 1
Thu Jul 16 20:11:33 EDT 2026
status, LSWS running: 1
Thu Jul 16 20:12:33 EDT 2026
status, LSWS running: 1
Thu Jul 16 20:13:33 EDT 2026
status, LSWS running: 1
Thu Jul 16 20:14:33 EDT 2026
status, LSWS running: 1
Thu Jul 16 20:15:33 EDT 2026
status, LSWS running: 1
Thu Jul 16 20:16:33 EDT 2026
status, LSWS running: 1
Thu Jul 16 20:17:33 EDT 2026
status, LSWS running: 1
Thu Jul 16 20:18:33 EDT 2026
status, LSWS running: 1
Thu Jul 16 20:19:33 EDT 2026
status, LSWS running: 1
Thu Jul 16 20:20:33 EDT 2026
status, LSWS running: 1
Thu Jul 16 20:21:33 EDT 2026
status, LSWS running: 1
Thu Jul 16 20:22:33 EDT 2026
status, LSWS running: 1
Thu Jul 16 20:23:33 EDT 2026
status, LSWS running: 1
Thu Jul 16 20:24:34 EDT 2026
status, LSWS running: 1
Thu Jul 16 20:25:34 EDT 2026
status, LSWS running: 1
Thu Jul 16 20:26:34 EDT 2026
status, LSWS running: 1
Thu Jul 16 20:27:34 EDT 2026
status, LSWS running: 1
Thu Jul 16 20:28:34 EDT 2026
status, LSWS running: 1
Thu Jul 16 20:29:34 EDT 2026
status, LSWS running: 1
Thu Jul 16 20:30:34 EDT 2026
status, LSWS running: 1
Thu Jul 16 20:31:34 EDT 2026
status, LSWS running: 1
Thu Jul 16 20:32:34 EDT 2026
status, LSWS running: 1
Thu Jul 16 20:33:34 EDT 2026
status, LSWS running: 1
Thu Jul 16 20:34:34 EDT 2026
status, LSWS running: 1
Thu Jul 16 20:35:34 EDT 2026
status, LSWS running: 1
Thu Jul 16 20:36:34 EDT 2026
status, LSWS running: 1
Thu Jul 16 20:37:34 EDT 2026
status, LSWS running: 1
Thu Jul 16 20:38:34 EDT 2026
status, LSWS running: 1
Thu Jul 16 20:39:34 EDT 2026
status, LSWS running: 1
Thu Jul 16 20:40:34 EDT 2026
status, LSWS running: 1
Thu Jul 16 20:41:34 EDT 2026
status, LSWS running: 1
Thu Jul 16 20:42:34 EDT 2026
status, LSWS running: 1
Thu Jul 16 20:43:34 EDT 2026
status, LSWS running: 1
Thu Jul 16 20:44:34 EDT 2026
status, LSWS running: 1
Thu Jul 16 20:45:34 EDT 2026
status, LSWS running: 1
Thu Jul 16 20:46:34 EDT 2026
status, LSWS running: 1
Thu Jul 16 20:47:34 EDT 2026
status, LSWS running: 1
Thu Jul 16 20:48:34 EDT 2026
status, LSWS running: 1
Thu Jul 16 20:49:34 EDT 2026
status, LSWS running: 1
Thu Jul 16 20:50:34 EDT 2026
status, LSWS running: 1
Thu Jul 16 20:51:34 EDT 2026
status, LSWS running: 1
Thu Jul 16 20:52:34 EDT 2026
status, LSWS running: 1
Thu Jul 16 20:53:34 EDT 2026
status, LSWS running: 1
Thu Jul 16 20:54:34 EDT 2026
status, LSWS running: 1
Thu Jul 16 20:55:34 EDT 2026
status, LSWS running: 1
Thu Jul 16 20:56:34 EDT 2026
status, LSWS running: 1
Thu Jul 16 20:57:34 EDT 2026
status, LSWS running: 1
Thu Jul 16 20:58:34 EDT 2026
status, LSWS running: 1
Thu Jul 16 20:59:34 EDT 2026
status, LSWS running: 1
Thu Jul 16 21:00:34 EDT 2026
status, LSWS running: 1
Thu Jul 16 21:01:34 EDT 2026
status, LSWS running: 1
Thu Jul 16 21:02:34 EDT 2026
status, LSWS running: 1
Thu Jul 16 21:03:34 EDT 2026
status, LSWS running: 1
Thu Jul 16 21:04:34 EDT 2026
status, LSWS running: 1
Thu Jul 16 21:05:34 EDT 2026
status, LSWS running: 1
Thu Jul 16 21:06:34 EDT 2026
status, LSWS running: 1
Thu Jul 16 21:07:34 EDT 2026
status, LSWS running: 1
Thu Jul 16 21:08:34 EDT 2026
status, LSWS running: 1
Thu Jul 16 21:09:34 EDT 2026
status, LSWS running: 1
Thu Jul 16 21:10:34 EDT 2026
status, LSWS running: 1
Thu Jul 16 21:11:34 EDT 2026
status, LSWS running: 1
Thu Jul 16 21:12:34 EDT 2026
status, LSWS running: 1
Thu Jul 16 21:13:34 EDT 2026
status, LSWS running: 1
Thu Jul 16 21:14:34 EDT 2026
status, LSWS running: 1
Thu Jul 16 21:15:34 EDT 2026
status, LSWS running: 1
Thu Jul 16 21:16:34 EDT 2026
status, LSWS running: 1
Thu Jul 16 21:17:34 EDT 2026
status, LSWS running: 1
Thu Jul 16 21:18:34 EDT 2026
status, LSWS running: 1
Thu Jul 16 21:19:34 EDT 2026
status, LSWS running: 1
Thu Jul 16 21:20:34 EDT 2026
status, LSWS running: 1
Thu Jul 16 21:21:34 EDT 2026
status, LSWS running: 1
Thu Jul 16 21:22:35 EDT 2026
status, LSWS running: 1
Thu Jul 16 21:23:35 EDT 2026
status, LSWS running: 1
Thu Jul 16 21:24:35 EDT 2026
status, LSWS running: 1
Thu Jul 16 21:25:35 EDT 2026
status, LSWS running: 1
Thu Jul 16 21:26:35 EDT 2026
status, LSWS running: 1
Thu Jul 16 21:27:35 EDT 2026
status, LSWS running: 1
Thu Jul 16 21:28:35 EDT 2026
status, LSWS running: 1
Thu Jul 16 21:32:07 EDT 2026
start, LSWS running: 0
Thu Jul 16 21:32:11 EDT 2026
status, LSWS running: 1
Thu Jul 16 21:33:11 EDT 2026
status, LSWS running: 1
Thu Jul 16 21:34:11 EDT 2026
status, LSWS running: 1
Thu Jul 16 21:35:11 EDT 2026
status, LSWS running: 1
Thu Jul 16 21:36:11 EDT 2026
status, LSWS running: 1
Thu Jul 16 21:37:11 EDT 2026
status, LSWS running: 1
Thu Jul 16 21:38:11 EDT 2026
status, LSWS running: 1
Thu Jul 16 21:39:11 EDT 2026
status, LSWS running: 1
